archetype,Projects,Countries,Mean_Outlier,Mean_Cluster_Size
UNKNOWN,101,38,0.307980198019802,83.79207920792079
ONCHAIN_PREDICTION_MARKET,73,25,0.2361095890410959,135.87671232876713
AI_TRADING_COPILOT,60,23,0.217,29.433333333333334
RWA_TOKENIZATION_PLATFORM,28,16,0.21335714285714286,108.0
WALLET_SECURITY_SCANNER,27,14,0.19055555555555556,52.0
,26,17,0.5211538461538462,73.11538461538461
AI_AGENT_MARKETPLACE,25,17,0.33852,19.84
PREDICTION_MARKET,23,15,0.3204782608695652,140.2173913043478
ZK_VERIFICATION_LAYER,12,7,0.29425,6.333333333333333
CRYPTO_PAYMENT_GATEWAY,11,5,0.35954545454545456,8.636363636363637
AI_AGENT_ORCHESTRATION_PLATFORM,10,9,0.2893,15.7
AI_AGENT_SECURITY_LAYER,8,6,0.369375,25.75
AI_AGENT_PAYMENT_GATEWAY,7,5,0.21985714285714283,41.0
BASE_BUILDING_PVP_GAME,6,5,0.0,167.0
AI_AGENT_COMPETITION_PLATFORM,5,5,0.22360000000000002,10.4
PAYMENT_LINK_GENERATOR,5,3,0.0328,18.0
AUTONOMOUS_TRADING_AGENT,5,4,0.35100000000000003,50.8
BELIEF_MARKET,5,5,0.4142,139.0
AI_AGENT_WALLET,5,5,0.1852,21.6
TOKEN_LAUNCHPAD,5,5,0.07239999999999999,37.0
DECENTRALIZED_ESCROW_PLATFORM,5,3,0.20659999999999998,80.0
DECENTRALIZED_LENDING_PROTOCOL,5,4,0.1416,58.0
CRYPTO_PAYMENT_PROCESSOR,4,4,0.17375,9.0
AI_AGENT_COORDINATION_PROTOCOL,4,3,0.54725,18.5
SOCIAL_TRADING_PLATFORM,4,4,0.81225,8.75
AI_AGENT_ORCHESTRATOR,4,4,0.07475,20.25
AI_AGENT_TASK_MARKETPLACE,4,4,0.3805,13.5
DEFI_PORTFOLIO_MANAGER,4,4,0.492,38.5
ONCHAIN_VERIFICATION_LAYER,4,4,0.81825,0.0
ONCHAIN_ANALYTICS_PLATFORM,4,4,0.1955,67.0
AI_TRADING_AGENT,4,4,0.19325,44.5
AI_ASSISTANT,3,2,0.559,6.0
CONFIDENTIAL_PAYROLL_SYSTEM,3,2,0.052333333333333336,103.0
AI_AGENT_TRUST_LAYER,3,3,0.0,16.0
DEFI_AUTOMATION_AGENT,3,2,0.7760000000000001,0.0
COLLATERALIZED_LENDING_PROTOCOL,3,3,0.0,58.0
CROWDFUNDING_PLATFORM,3,3,0.07933333333333333,14.333333333333334
DIGITAL_ASSET_INHERITANCE_PROTOCOL,3,3,0.0,18.0
AI_AGENT_ACCOUNTABILITY_LAYER,3,2,0.0,16.0
CROSS_BORDER_REMITTANCE_PLATFORM,3,3,0.11466666666666665,24.0
ONCHAIN_FRAUD_DETECTION_SYSTEM,3,3,0.12266666666666666,29.333333333333332
ONCHAIN_IDENTITY_REGISTRY,3,3,0.38833333333333336,11.666666666666666
ONCHAIN_PAYMENT_PROCESSOR,3,3,0.767,0.0
ONCHAIN_PORTFOLIO_MANAGER,3,3,0.265,70.66666666666667
AI_COMPUTE_MARKETPLACE,3,3,0.074,18.0
CROSS_CHAIN_PAYMENT_GATEWAY,3,3,0.7613333333333333,0.0
DEFI_TRADING_TERMINAL,3,3,0.10166666666666667,30.0
AI_AGENT_EXECUTION_LAYER,3,3,0.41500000000000004,6.333333333333333
PRIVATE_PAYMENT_GATEWAY,3,3,0.25833333333333336,103.0
AI_AGENT_POLICY_ENGINE,3,3,0.5760000000000001,0.0
PRODUCT_AUTHENTICATION_SYSTEM,3,3,0.0,24.0
RECURRING_PAYMENT_PROTOCOL,3,3,0.0,17.0
CRYPTO_FIAT_PAYMENT_GATEWAY,3,3,0.026,19.333333333333332
SOCIAL_TIPPING_PLATFORM,3,2,0.0,11.0
DEX_AGGREGATOR,3,3,0.6183333333333333,0.0
DECENTRALIZED_COMPUTE_MARKETPLACE,3,3,0.0,18.0
AUTOMATED_TRADING_AGENT,3,3,0.453,32.666666666666664
VERIFIABLE_CREDENTIAL_PLATFORM,3,3,0.124,7.333333333333333
AI_DATA_MARKETPLACE,3,2,0.7393333333333333,26.666666666666668
PRIVATE_TRANSACTION_LAYER,3,3,0.2896666666666667,103.0
AI_SMART_CONTRACT_AUDITOR,2,2,0.631,54.0
AI_INFERENCE_MARKETPLACE,2,2,0.175,18.0
COORDINATED_TRADE_EXECUTION_PLATFORM,2,2,0.85,0.0
AI_ADVISORY_PLATFORM,2,2,0.8105,0.0
COPY_TRADING_PLATFORM,2,2,0.0,40.0
AI_AGENT_SECURITY_FIREWALL,2,2,0.231,58.0
AI_AGENT_API_GATEWAY,2,2,0.5479999999999999,13.5
CRYPTO_TO_FIAT_PAYMENT_GATEWAY,2,2,0.0,23.0
DIGITAL_ASSET_INHERITANCE_PLATFORM,2,1,0.1065,18.0
COMMUNITY_MANAGEMENT_PLATFORM,2,2,0.827,18.5
API_MONETIZATION_PLATFORM,2,2,0.1935,52.0
AI_COMPLIANCE_ORACLE,2,2,0.804,0.0
AI_INVESTMENT_MANAGER,2,2,0.6114999999999999,38.5
CONFIDENTIAL_PAYMENT_PROTOCOL,2,2,0.2075,103.0
AI_AGENT_SMART_WALLET,2,2,0.0,27.0
DIGITAL_INHERITANCE_PROTOCOL,2,2,0.0,18.0
AI_AGENT_CONTEXT_MANAGER,2,2,0.8935,0.0
ESCROW_PROTOCOL,2,2,0.28350000000000003,80.0
AI_TRADING_AGENT_PLATFORM,2,2,0.479,20.0
AI_AGENT_CREDIT_PROTOCOL,2,2,0.3755,58.0
AI_AGENT_TESTING_PLATFORM,2,2,0.508,6.5
AI_AGENT_DEPLOYMENT_PLATFORM,2,2,0.0805,20.5
AI_POWERED_PORTFOLIO_MANAGER,2,2,0.0,77.0
AI_POWERED_PREDICTION_MARKET,2,2,0.471,139.0
DIGITAL_CREDENTIAL_ISSUANCE_AND_VERIFICATION,2,2,0.0,11.0
AI_AGENT_FINANCIAL_CONTROLLER,2,2,0.0,11.0
ASSET_TOKENIZATION_PLATFORM,2,2,0.4185,108.0
AI_MANGA_CREATION_PLATFORM,2,2,0.0,10.0
AI_AGENT_FINANCIAL_GOVERNANCE,2,2,0.622,0.0
AI_DEFI_ASSISTANT,2,2,0.688,38.5
AI_AGENT_FINANCIAL_MANAGER,2,2,0.0155,11.0
AI_AGENT_FRAMEWORK,2,2,0.3125,11.0
AI_AGENT_WALLET_MANAGER,2,2,0.11850000000000001,27.0
CHAT_BASED_DEFI_AGENT,2,1,0.0,18.0
FIAT_CRYPTO_PAYMENT_GATEWAY,2,2,0.0,11.0
AI_AGENT_GOVERNANCE_LAYER,2,2,0.6174999999999999,0.0
AI_TRADING_STRATEGY_PLATFORM,2,2,0.4365,20.0
AUTOMATED_LIQUIDITY_MANAGER,2,2,0.0,11.0
DEFI_PORTFOLIO_TRACKER,2,2,0.8755,0.0
COMPETITIVE_TRADING_GAME,2,2,0.48,167.0
AUTOMATED_ARBITRAGE_PLATFORM,2,2,0.6365000000000001,38.5
BEHAVIORAL_COMMITMENT_PROTOCOL,2,2,0.058,17.0
DEFI_POSITION_MANAGER,2,2,0.279,77.0
AI_MODEL_MARKETPLACE,2,2,0.794,9.0
DEVELOPER_TOOLKIT,2,2,0.843,13.5
AI_AGENT_NETWORK,2,2,0.375,29.0
AI_APP_GENERATOR,2,2,0.042,23.0
DECENTRALIZED_SOCIAL_NETWORK,2,1,0.07,35.0
AI_AGENT_OBSERVABILITY_PLATFORM,2,2,0.757,0.0
AI_AGENT_MEMORY_LAYER,2,2,0.387,11.5
AI_FINANCIAL_ADVISOR,2,2,0.823,0.0
GAMIFIED_ENGAGEMENT_PLATFORM,2,2,0.5315,92.0
GAMIFIED_LOYALTY_PLATFORM,2,2,0.0,17.0
GAMIFIED_TRADING_PLATFORM,2,2,0.586,167.0
GROUP_SAVINGS_PROTOCOL,2,2,0.0,12.0
IDENTITY_VERIFICATION_PROTOCOL,2,2,0.1675,22.5
INVOICE_FINANCING_PLATFORM,2,2,0.937,0.0
LENDING_PROTOCOL,2,2,0.1085,58.0
LEVERAGE_TRADING_PLATFORM,2,2,0.6305000000000001,12.0
LIQUID_STAKING_PROTOCOL,2,2,0.0,10.0
MEV_PROTECTION_TOOL,2,2,0.87,0.0
MILESTONE_BASED_FUNDING_PLATFORM,2,2,0.151,16.0
MOBILE_PAYMENT_APP,2,2,0.48050000000000004,9.0
MOBILE_PAYMENT_WALLET,2,2,0.82,0.0
NATURAL_LANGUAGE_DEFI_INTERFACE,2,2,0.059,15.0
AI_FINANCIAL_ASSISTANT,2,2,0.0,11.0
ONCHAIN_AUTOMATION_ENGINE,2,2,0.852,0.0
ONCHAIN_CROWDFUNDING_PLATFORM,2,2,0.0,16.0
COLLECTIBLE_CARD_GAME,2,2,0.262,167.0
AI_AGENT_PAYMENT_ORCHESTRATOR,2,2,0.2245,52.0
ONCHAIN_INSURANCE_PROTOCOL,2,2,0.0,11.0
DARK_POOL_EXCHANGE,2,2,0.6964999999999999,17.0
AI_AGENT_PAYMENT_PROTOCOL,2,2,0.902,0.0
AI_AGENT_PAYMENT_RAIL,2,2,0.2695,52.0
ONCHAIN_REPUTATION_SYSTEM,2,2,0.368,10.5
ONCHAIN_TALENT_MARKETPLACE,2,2,0.0,46.5
ONCHAIN_THREAT_DETECTION_AND_RESPONSE,2,2,0.199,58.0
ONCHAIN_TREASURY_MANAGEMENT_SYSTEM,2,2,0.874,0.0
DECENTRALIZED_ENVIRONMENTAL_DATA_NETWORK,2,2,0.712,108.0
P2P_CRYPTO_FIAT_EXCHANGE,2,2,0.0,10.0
P2P_LENDING_PLATFORM,2,1,0.813,29.0
PAYMENT_GATEWAY,2,1,0.2575,57.5
PAYMENT_GATEWAY_AGGREGATOR,2,2,0.039,12.0
AI_GAME_GENERATOR,2,2,0.0745,27.0
PERPETUAL_FUTURES_EXCHANGE,2,2,0.0,24.0
AI_SECURITY_AGENT,2,2,0.317,58.0
PREDICTION_MARKET_AGGREGATOR,2,2,0.0,139.0
PREDICTION_MARKET_TRADING_TERMINAL,2,2,0.3195,139.0
AI_AGENT_PLATFORM,2,2,0.7525,26.0
PRIVATE_PAYMENT_PROTOCOL,2,2,0.077,103.0
PRIVATE_PAYROLL_SYSTEM,2,2,0.0,103.0
DECENTRALIZED_ASSET_MANAGEMENT_PROTOCOL,2,2,0.79,0.0
PRIZE_LINKED_SAVINGS_PROTOCOL,2,2,0.105,12.0
DATA_CLASSIFICATION_ENGINE,2,2,0.7655000000000001,0.0
PROFESSIONAL_NETWORKING_PLATFORM,2,2,0.7949999999999999,17.5
PROGRAMMABLE_ESCROW_PROTOCOL,2,2,0.6435,80.0
PROGRAMMABLE_PAYMENT_PROTOCOL,2,1,0.784,0.0
PROOF_OF_PERSONHOOD_PROTOCOL,2,1,0.0175,35.0
PROXIMITY_PAYMENT_PROTOCOL,2,1,0.002,18.0
CROSS_BORDER_PAYMENTS_PLATFORM,2,2,0.0,24.0
REMITTANCE_PLATFORM,2,2,0.1645,24.0
RWA_FINANCING_PLATFORM,2,2,0.303,108.0
RWA_INVESTMENT_PLATFORM,2,1,0.487,108.0
RWA_LENDING_PROTOCOL,2,2,0.27249999999999996,83.0
DEFI_STRATEGY_MANAGER,2,2,0.095,77.0
RWA_YIELD_AGGREGATOR,2,1,0.5435,77.0
SECURE_WALLET,2,2,0.518,37.0
SMART_CONTRACT_COMPILER,2,2,0.0,27.0
SMART_CONTRACT_SECURITY_SCANNER,2,2,0.339,56.0
SOCIAL_PREDICTION_MARKET_PLATFORM,2,2,0.2865,139.0
DECENTRALIZED_LAUNCHPAD,2,2,0.0,37.0
AI_AGENT_PREDICTION_MARKET,2,2,0.4195,139.0
SOLANA_TRANSACTION_DEBUGGER,2,2,0.0,67.0
STABLECOIN_PAYMENT_GATEWAY,2,2,0.7424999999999999,0.0
STABLECOIN_PAYMENT_NETWORK,2,2,0.2205,23.5
STRUCTURED_CREDIT_PROTOCOL,2,2,0.415,58.0
SYNTHETIC_ASSET_PROTOCOL,2,2,0.1045,43.5
TELEGRAM_TRADING_BOT,2,2,0.802,0.0
TOKENIZED_ASSET_INVESTMENT_PLATFORM,2,2,0.6665000000000001,108.0
TOKENIZED_ASSET_MARKETPLACE,2,2,0.16,74.5
AI_AUTOMATION_AGENT,2,2,0.4215,11.0
TOKEN_SECURITY_SCANNER,2,2,0.2415,54.0
TRANSACTION_FIREWALL,2,2,0.671,56.0
BUG_BOUNTY_PLATFORM,2,2,0.742,29.0
ESCROW_PLATFORM,2,1,0.2955,80.0
WALLET_ANALYTICS_TOOL,2,2,0.044,67.0
WALLET_SECURITY_LAYER,2,2,0.545,13.5
AI_HEALTH_MONITORING_SYSTEM,2,2,0.4595,28.0
AI_SKILL_MARKETPLACE,2,2,0.027,13.0
AGENT_COMMUNICATION_PROTOCOL,2,1,0.562,26.0
AI_AGENT_GAME,1,1,0.0,13.0
AI_AGENT_GOVERNANCE,1,1,0.5,0.0
AI_AGENT_GOVERNANCE_PLATFORM,1,1,0.538,0.0
AI_AGENT_GROWTH_PLATFORM,1,1,0.857,0.0
AI_AGENT_HOSTING_PLATFORM,1,1,0.104,22.0
AI_AGENT_HOTEL_BOOKING_PLATFORM,1,1,0.485,52.0
AI_AGENT_IDENTITY_AND_AUDIT,1,1,0.638,0.0
AI_AGENT_IDENTITY_AND_AUTHORIZATION,1,1,0.588,0.0
AI_AGENT_IDENTITY_BINDING,1,1,0.034,16.0
AI_AGENT_IDENTITY_MANAGER,1,1,0.653,0.0
AI_AGENT_KNOWLEDGE_MARKETPLACE,1,1,0.737,0.0
AI_AGENT_LAUNCHPAD,1,1,0.069,27.0
AI_AGENT_LAUNCHPAD_MARKETPLACE,1,1,0.868,0.0
AI_AGENT_LIVESTREAMING_PLATFORM,1,1,0.0,13.0
AI_AGENT_MEMORY_VERIFICATION,1,1,0.074,23.0
AI_AGENT_MICROPAYMENT_GATEWAY,1,1,0.0,52.0
AI_AGENT_MONETIZATION_PLATFORM,1,1,0.52,52.0
AI_AGENT_NETWORK_PROTOCOL,1,1,0.232,19.0
AI_AGENT_OTC_SETTLEMENT_PLATFORM,1,1,0.85,0.0
AI_AGENT_P2P_RENTAL_MARKETPLACE,1,1,0.049,27.0
AI_AGENT_PAYMENT_APPROVAL,1,1,0.71,0.0
AI_AGENT_PAYMENT_LAYER,1,1,0.083,52.0
AI_AGENT_PAYMENT_NETWORK,1,1,0.657,52.0
AI_AGENT_PAYMENT_OS,1,1,0.71,0.0
AI_AGENT_PAYMENT_PLATFORM,1,1,0.436,52.0
AI_AGENT_PAYMENT_ROUTER,1,1,0.0,52.0
AI_AGENT_PAYMENT_SDK,1,1,0.0,52.0
AI_AGENT_PAYMENT_SECURITY_GATE,1,1,0.515,0.0
AI_AGENT_PAYMENT_SETTLEMENT,1,1,0.612,0.0
AI_AGENT_PERMISSION_MANAGER,1,1,0.546,0.0
AI_AGENT_POLICY_ENFORCED_WALLET,1,1,0.0,27.0
AI_AGENT_POLICY_ENFORCEMENT_LAYER,1,1,0.7,0.0
AI_AGENT_POLICY_ENFORCEMENT_WALLET,1,1,0.0,27.0
AI_AGENT_POLICY_GUARD,1,1,0.48,0.0
AI_AGENT_POLICY_WALLETS,1,1,0.2,27.0
AI_AGENT_PREDICTION_GAME,1,1,0.0,13.0
AI_AGENT_PRIVATE_PAYMENT_PROTOCOL,1,1,0.663,103.0
AI_AGENT_PROBLEM_MARKETPLACE,1,1,0.0,27.0
AI_AGENT_PRODUCTIVITY_WORKSPACE,1,1,0.232,19.0
AI_AGENT_PROTOCOL,1,1,0.841,0.0
AI_AGENT_REPUTATION_PROTOCOL,1,1,0.68,58.0
AI_AGENT_RISK_AND_PAYMENT_ORCHESTRATION,1,1,0.575,0.0
AI_AGENT_ROUTER,1,1,0.917,0.0
AI_AGENT_RUNTIME_SECURITY_PLATFORM,1,1,0.0,58.0
AI_AGENT_RWA_INVESTMENT_MANAGER,1,1,0.932,0.0
AI_AGENT_SDK_GENERATOR,1,1,0.0,19.0
AI_AGENT_SECURITY_GATEWAY,1,1,0.48,0.0
AI_AGENT_SECURITY_MONITOR,1,1,0.0,58.0
AI_AGENT_SECURITY_SCANNER,1,1,0.591,58.0
AI_AGENT_SERVICE_DISCOVERY,1,1,0.247,52.0
AI_AGENT_SERVICE_MARKETPLACE,1,1,0.069,27.0
AI_AGENT_SETTLEMENT_PROTOCOL,1,1,0.874,0.0
AI_AGENT_SIGNING_LAYER,1,1,0.646,0.0
AI_AGENT_SIMULATION,1,1,0.0,13.0
AI_AGENT_SIMULATION_BETTING_GAME,1,1,0.909,0.0
AI_AGENT_SIMULATION_ENGINE,1,1,0.402,0.0
AI_AGENT_SIMULATOR,1,1,0.402,0.0
AI_AGENT_SOCIAL_NETWORK,1,1,0.098,22.0
AI_AGENT_SPENDING_CONTROLLER,1,1,0.71,0.0
AI_AGENT_SPENDING_POLICY_ENGINE,1,1,0.5,0.0
AI_AGENT_SPEND_GOVERNANCE_GATEWAY,1,1,0.48,0.0
AI_AGENT_STRATEGY_GAME,1,1,0.758,167.0
AI_AGENT_STREAMING_PLATFORM,1,1,0.0,13.0
AI_AGENT_SUBSCRIPTION_ENGINE,1,1,0.083,52.0
AI_AGENT_TRAINING_ARENA,1,1,0.0,13.0
AI_AGENT_TRAINING_PLATFORM,1,1,0.14,40.0
AI_AGENT_TRANSACTION_GOVERNANCE,1,1,0.703,0.0
AI_AGENT_TRANSACTION_GOVERNOR,1,1,0.501,58.0
AI_AGENT_TRANSACTION_SECURITY_GATEWAY,1,1,0.48,0.0
AI_AGENT_TREASURY_MANAGEMENT,1,1,0.71,0.0
AI_AGENT_VERIFICATION_LAYER,1,1,0.666,0.0
AI_AGENT_VERIFICATION_PROTOCOL,1,1,0.66,0.0
AI_AGENT_WALLET_CONTROLLER,1,1,0.003,27.0
AI_AGENT_WALLET_FIREWALL,1,1,0.5,0.0
AI_AGENT_WALLET_GUARDRAIL,1,1,0.089,27.0
AI_AGENT_WALLET_RUNTIME,1,1,0.0,27.0
AI_AGENT_WALLET_SECURITY,1,1,0.0,27.0
AI_AGENT_WEB_AUTOMATION_PLATFORM,1,1,0.0,22.0
AI_AGENT_WORKFLOW_COORDINATOR,1,1,0.707,0.0
AI_AGENT_WORK_MARKETPLACE,1,1,0.925,0.0
AI_AGENT_WORK_SIMULATION,1,1,0.125,13.0
AI_AGRICULTURAL_ADVISOR,1,1,0.693,108.0
AI_ANALYTICS_AGENT,1,1,0.0,67.0
AI_ANALYTICS_ENGINE,1,1,0.305,18.0
AI_ANALYTICS_PLATFORM,1,1,0.0,67.0
AI_ANIMATION_PLATFORM,1,1,0.0,10.0
AI_API_ROUTING_MARKETPLACE,1,1,0.846,0.0
AI_ARBITRATION_PLATFORM,1,1,0.0,80.0
AI_ARTIFACT_VERIFICATION_LAYER,1,1,0.647,0.0
AI_ASSET_MANAGER,1,1,0.207,77.0
AI_ASSISTANT_WITH_ONCHAIN_PAYMENTS,1,1,0.56,52.0
AI_ASSISTED_ACADEMIC_MANAGEMENT_PLATFORM,1,1,0.737,37.0
AI_ASSISTED_CLINICAL_PLATFORM,1,1,0.0,28.0
AI_ASSISTED_CROSSCHAIN_PAYMENTS,1,1,0.86,0.0
AI_ASSISTED_CRYPTO_WALLET,1,1,0.0,12.0
AI_ASSISTED_DASHBOARD,1,1,0.528,30.0
AI_ASSISTED_DECENTRALIZED_EXCHANGE,1,1,0.094,40.0
AI_ASSISTED_DIGITAL_ASSET_MARKETPLACE,1,1,0.748,0.0
AI_ASSISTED_DIGITAL_LEGACY,1,1,0.662,0.0
AI_ASSISTED_FORTUNE_TELLING,1,1,0.72,0.0
AI_ASSISTED_FOUNDER_TOOLKIT,1,1,0.903,0.0
AI_ASSISTED_IP_REGISTRATION_PLATFORM,1,1,0.05,23.0
AI_ASSISTED_LOTTERY,1,1,0.0,167.0
AI_ASSISTED_NON_CUSTODIAL_WALLET,1,1,0.183,12.0
AI_ASSISTED_PAYOUT_AUTOMATION,1,1,0.729,0.0
AI_ASSISTED_RECRUITMENT_PLATFORM,1,1,0.0,13.0
AI_ASSISTED_TASK_COORDINATION,1,1,0.684,0.0
AI_ASSISTED_TRANSACTION_ENGINE,1,1,0.0,18.0
AI_ASSISTED_TRANSACTION_GUARD,1,1,0.775,0.0
AI_AUTOMATION_PLATFORM,1,1,0.098,22.0
AI_BEHAVIORAL_ANALYTICS_PLATFORM,1,1,0.88,0.0
AI_BEHAVIORAL_GUARDRAIL,1,1,0.871,0.0
AI_BRAND_PERCEPTION_MANAGEMENT_PLATFORM,1,1,0.0,27.0
AI_CAREER_MATCHING_PLATFORM,1,1,0.0,13.0
AI_COACHING_PLATFORM,1,1,0.539,28.0
AI_CODE_GENERATION_PLATFORM,1,1,0.0,27.0
AI_CODE_IMPROVEMENT_NETWORK,1,1,0.675,18.0
AI_COMMERCE_ASSISTANT,1,1,0.865,0.0
AI_COMMUNITY_TOKEN_AUDITOR,1,1,0.669,54.0
AI_COMPANION_AGENT,1,1,0.504,0.0
AI_COMPANION_DEVICE,1,1,0.662,0.0
AI_COMPANION_WITH_ONCHAIN_MEMORY,1,1,0.662,0.0
AI_COMPLIANCE_INFRASTRUCTURE,1,1,0.804,0.0
AI_COMPUTATION_INFRASTRUCTURE,1,1,0.0,16.0
AI_COMPUTE_CREDIT_MARKETPLACE,1,1,0.212,18.0
AI_CONSENSUS_ORACLE,1,1,0.718,139.0
AI_CONTENT_AUTHENTICATOR,1,1,0.0,24.0
AI_CONTENT_RISK_SCANNER,1,1,0.689,54.0
AI_CONTRACT_AUDITOR,1,1,0.804,0.0
AI_CONVERSATION_SHARING_PLATFORM,1,1,0.874,0.0
AI_CREATIVITY_DEVELOPMENT_PLATFORM,1,1,0.926,0.0
AI_CREDIT_CROWDFUNDING_PLATFORM,1,1,0.0,16.0
AI_CRYPTO_RESEARCH_ASSISTANT,1,1,0.654,0.0
AI_CUSTOMER_ACQUISITION_PLATFORM,1,1,0.154,27.0
AI_DAPP_GENERATOR,1,1,0.0,27.0
AI_DATA_LABELING_PLATFORM,1,1,0.288,0.0
AI_DATA_ORACLE,1,1,0.906,0.0
AI_DATING_AGENT_PLATFORM,1,1,0.89,0.0
AI_DECISION_PROTOCOL,1,1,0.0,16.0
AI_DEFI_ADVISOR,1,1,0.819,0.0
AI_DEFI_AGENT_PLATFORM,1,1,0.0,18.0
AI_DEFI_AUTOMATION_AGENT,1,1,0.089,18.0
AI_DEFI_COPILOT,1,1,0.158,18.0
AI_DEFI_EXECUTION_LAYER,1,1,0.0,19.0
AI_DEFI_RISK_ADVISOR,1,1,0.819,0.0
AI_DEFI_TASK_AUTOMATION,1,1,0.868,0.0
AI_DEFI_YIELD_OPTIMIZER,1,1,0.479,77.0
AI_DESIGN_ASSISTANT,1,1,0.025,27.0
AI_DEVELOPER_AGENT_FRAMEWORK,1,1,0.0,27.0
AI_DEVELOPER_COPILOT,1,1,0.239,67.0
AI_DIAGNOSTIC_ASSISTANT,1,1,0.539,28.0
AI_DOCUMENT_GENERATOR,1,1,0.025,27.0
AI_DRIVEN_IDLE_GAME,1,1,0.703,167.0
AI_DRIVEN_MANUFACTURING_NETWORK,1,1,0.914,0.0
AI_DRIVEN_ORACLE_NETWORK,1,1,0.45,0.0
AI_DUE_DILIGENCE_PLATFORM,1,1,0.0,21.0
AI_EDUCATIONAL_ASSISTANT,1,1,0.683,37.0
AI_EMAIL_CLIENT,1,1,0.161,22.0
AI_FIGHTING_GAME_BETTING_PLATFORM,1,1,0.724,167.0
AI_FINANCIAL_AGENT,1,1,0.857,0.0
AI_FINANCIAL_ANALYST,1,1,0.593,67.0
AI_FINANCIAL_AUTOMATION_PLATFORM,1,1,0.874,0.0
AI_FINANCIAL_COACH,1,1,0.677,37.0
AI_FINTECH_OPERATIONS_PLATFORM,1,1,0.59,103.0
AI_FORENSIC_ANALYTICS_TOOL,1,1,0.46,58.0
AI_FORENSIC_DOCUMENT_ANALYZER,1,1,0.0,23.0
AI_GENERATED_MOBILE_GAME_PLATFORM,1,1,0.64,167.0
AI_GENERATED_WALLET_SKINS,1,1,0.0,27.0
AI_GENERATIVE_DIGITAL_WORLD,1,1,0.0,10.0
AI_GENERATIVE_NARRATIVE_PLATFORM,1,1,0.0,10.0
AI_GOVERNANCE_ASSISTANT,1,1,0.902,0.0
AI_GOVERNANCE_MIDDLEWARE,1,1,0.892,0.0
AI_GOVERNANCE_PLATFORM,1,1,0.05,23.0
AI_GRID_OPTIMIZATION_COPILOT,1,1,0.712,108.0
AI_HEALTHCARE_ASSISTANT,1,1,0.0,28.0
AI_HEALTH_ASSISTANT,1,1,0.539,28.0
AI_HIRING_TOOL,1,1,0.0,13.0
AI_IDENTITY_VERIFICATION_SERVICE,1,1,0.0,35.0
AI_IMAGE_GENERATION_MODEL,1,1,0.0,10.0
AI_INFERENCE_VERIFICATION_PROTOCOL,1,1,0.05,23.0
AI_INFRASTRUCTURE_COMPONENT,1,1,0.636,108.0
AI_INFRASTRUCTURE_CONTROL_PLANE,1,1,0.06,22.0
AI_INTEGRITY_PROTOCOL,1,1,0.631,0.0
AI_INTENT_PROCESSOR,1,1,0.896,0.0
AI_INTERVIEW_COACH,1,1,0.0,13.0
AI_INVESTIGATION_WORKSPACE,1,1,0.0,23.0
AI_INVESTMENT_AGENT_PLATFORM,1,1,0.891,0.0
AI_INVESTMENT_ASSISTANT,1,1,0.647,0.0
AI_JOB_APPLICATION_AUTOMATION,1,1,0.0,13.0
AI_JUDGED_COMPETITIVE_DEBATE,1,1,0.763,167.0
AI_JUDGMENT_PLATFORM,1,1,0.102,21.0
AI_KNOWLEDGE_ASSISTANT,1,1,0.025,27.0
AI_KNOWLEDGE_BASE,1,1,0.05,23.0
AI_KNOWLEDGE_GRAPH_ENGINE,1,1,0.748,0.0
AI_KNOWLEDGE_MARKETPLACE,1,1,0.0,13.0
AI_LANGUAGE_MODEL_DEVELOPMENT,1,1,0.295,0.0
AI_LANGUAGE_TRANSLATOR,1,1,0.0,12.0
AI_LEARNING_AGENT_PLATFORM,1,1,0.242,37.0
AI_LEGAL_ASSISTANT,1,1,0.025,27.0
AI_LP_MANAGER,1,1,0.879,0.0
AI_MANAGED_PORTFOLIO_PLATFORM,1,1,0.405,77.0
AI_MANAGED_YIELD_VAULT,1,1,0.293,77.0
AI_MARKETING_AUTOMATION_PLATFORM,1,1,0.922,0.0
AI_MARKETING_STRATEGY_ENGINE,1,1,0.198,22.0
AI_MARKET_INTELLIGENCE_PLATFORM,1,1,0.764,0.0
AI_MARKET_NARRATIVE_ENGINE,1,1,0.36,30.0
AI_MATCHMAKING_PLATFORM,1,1,0.756,35.0
AI_MEDIA_ASSET_PLATFORM,1,1,0.0,10.0
AI_MEDIA_CREATION_PLATFORM,1,1,0.0,10.0
AI_MEDIA_PRODUCTION_ORCHESTRATOR,1,1,0.403,0.0
AI_MEMORY_PROTOCOL,1,1,0.663,0.0
AI_MODEL_ACCESS_GATEWAY,1,1,0.526,52.0
AI_MODEL_FEEDBACK_PLATFORM,1,1,0.893,0.0
AI_MONETIZATION_PLATFORM,1,1,0.83,0.0
AI_MOTION_CAPTURE_PLATFORM,1,1,0.052,27.0
AI_NATIVE_IDENTITY_SYSTEM,1,1,0.662,0.0
AI_NEGOTIATED_OPTIONS_PROTOCOL,1,1,0.0,10.0
AI_ONCHAIN_AUTOMATION_AGENT,1,1,0.0,18.0
AI_OPERATIONAL_PLATFORM,1,1,0.0,22.0
AI_OPTIMIZATION_PLATFORM,1,1,0.712,108.0
AI_OPTIMIZED_YIELD_AGGREGATOR,1,1,0.223,77.0
AI_ORACLE_PREDICTION_MARKET,1,1,0.0,139.0
AI_ORBITAL_COPILOT,1,1,0.0,30.0
AI_PAYMENT_GATEWAY,1,1,0.138,52.0
AI_PAYMENT_ORCHESTRATOR,1,1,0.0,52.0
AI_PERSONAL_ADVISOR,1,1,0.897,0.0
AI_PERSONAL_SHOPPER,1,1,0.672,0.0
AI_POWERED_3D_AVATAR_GENERATOR,1,1,0.052,27.0
AI_POWERED_BOUNTY_PLATFORM,1,1,0.931,0.0
AI_POWERED_CATALOGING_SYSTEM,1,1,0.0,21.0
AI_POWERED_CLINICAL_DATA_NETWORK,1,1,0.0,28.0
AI_POWERED_COMMUNITY_BOT,1,1,0.802,0.0
AI_POWERED_CONTENT_FILTERING_ENGINE,1,1,0.742,0.0
AI_POWERED_CONTENT_MONETIZATION_PLATFORM,1,1,0.473,41.0
AI_POWERED_CONTRACT_AUTOMATION,1,1,0.568,0.0
AI_POWERED_CONTRIBUTOR_REWARD_PLATFORM,1,1,0.931,0.0
AI_POWERED_CRM,1,1,0.086,35.0
AI_POWERED_DAPP_GENERATOR,1,1,0.0,27.0
AI_POWERED_DASHBOARD,1,1,0.0,58.0
AI_POWERED_DATA_ATTESTATION_SERVICE,1,1,0.0,23.0
AI_POWERED_DATA_INTELLIGENCE_PLATFORM,1,1,0.89,0.0
AI_POWERED_DATA_VERIFICATION_PLATFORM,1,1,0.214,27.0
AI_POWERED_DEAL_EVALUATOR,1,1,0.025,27.0
AI_POWERED_DEFI_EXECUTION_AGENT,1,1,0.094,40.0
AI_POWERED_DEFI_WALLET,1,1,0.345,27.0
AI_POWERED_DEFI_YIELD_OPTIMIZER,1,1,0.01,77.0
AI_POWERED_DEVELOPER_REPUTATION_PLATFORM,1,1,0.931,0.0
AI_POWERED_DIGITAL_LEGACY_VAULT,1,1,0.662,0.0
AI_POWERED_DISPUTE_RESOLUTION_PROTOCOL,1,1,0.113,14.0
AI_POWERED_ESCROW_PLATFORM,1,1,0.3,80.0
AI_POWERED_ESCROW_SERVICE,1,1,0.591,80.0
AI_POWERED_FIELD_VERIFICATION_APP,1,1,0.675,0.0
AI_POWERED_FITNESS_TRACKER,1,1,0.0,10.0
AI_POWERED_LEARNING_PLATFORM,1,1,0.214,37.0
AI_POWERED_MANUFACTURING_SERVICE,1,1,0.737,0.0
AI_POWERED_MEMORY_OS,1,1,0.0,23.0
AI_POWERED_PERSONAL_KNOWLEDGE_GRAPH,1,1,0.615,28.0
AI_POWERED_PRODUCTIVITY_PLATFORM,1,1,0.646,17.0
AI_POWERED_PRODUCT_ANALYTICS,1,1,0.0,27.0
AI_POWERED_REPUTATION_SCORING,1,1,0.201,21.0
AI_POWERED_SEARCH_ENGINE,1,1,0.906,0.0
AI_POWERED_SKILL_VERIFICATION_ORACLE,1,1,0.892,0.0
AI_POWERED_SOCIAL_GAME,1,1,0.459,167.0
AI_POWERED_SOCIAL_PAYMENT_AGENT,1,1,0.838,0.0
AI_POWERED_STAKING_OPTIMIZER,1,1,0.85,0.0
AI_POWERED_STRUCTURED_INVESTMENT_MANAGER,1,1,0.0,77.0
AI_POWERED_TALENT_MARKETPLACE,1,1,0.0,13.0
AI_POWERED_TRANSACTION_SECURITY_LAYER,1,1,0.767,0.0
AI_POWERED_UGC_DISTRIBUTION_PLATFORM,1,1,0.644,0.0
AI_POWERED_VERIFICATION_TOOL,1,1,0.595,0.0
AI_POWERED_VIRTUAL_WORLD_PLATFORM,1,1,0.888,0.0
AI_POWERED_WEALTH_MANAGEMENT_PLATFORM,1,1,0.826,0.0
AI_POWERED_YIELD_OPTIMIZER,1,1,0.849,0.0
AI_PREDICTION_SIGNAL_PROVIDER,1,1,0.957,0.0
AI_PREDICTIVE_ANALYTICS_PLATFORM,1,1,0.644,0.0
AI_PRODUCT_EXPERIMENT_PORTFOLIO,1,1,0.025,27.0
AI_PRODUCT_PLACEMENT_ENGINE,1,1,0.025,27.0
AI_PROFIT_GENERATION_AGENT,1,1,0.814,0.0
AI_PROMPT_MARKETPLACE,1,1,0.007,13.0
AI_PROTOCOL_DEVELOPMENT_PLATFORM,1,1,0.0,22.0
AI_RELATIONSHIP_SCANNER,1,1,0.804,0.0
AI_RISK_INTELLIGENCE_ENGINE,1,1,0.596,67.0
AI_RISK_SCORING_API,1,1,0.0,17.0
AI_RWA_BROKERAGE_AGENT,1,1,0.943,0.0
AI_SEARCH_ENGINE,1,1,0.906,0.0
AI_SECURITY_AUDIT_TOOL,1,1,0.631,54.0
AI_SECURITY_COPILOT,1,1,0.0,58.0
AI_SECURITY_LAYER,1,1,0.613,58.0
AI_SECURITY_MONITORING_PLATFORM,1,1,0.701,54.0
AI_SECURITY_PVP_SIMULATION,1,1,0.0,58.0
AI_SERVICE_PAYMENT_PROTOCOL,1,1,0.692,0.0
AI_SHOPPING_ASSISTANT,1,1,0.069,27.0
AI_SIMULATION_COPILOT,1,1,0.402,0.0
AI_SMART_CONTRACT_DEPLOYER,1,1,0.389,27.0
AI_SMART_CONTRACT_GENERATOR,1,1,0.0,27.0
AI_SMART_CONTRACT_SECURITY_SCANNER,1,1,0.652,54.0
AI_SOCIAL_ENGAGEMENT_AUTOMATION,1,1,0.0,27.0
AI_SOFTWARE_DEVELOPMENT_AGENT,1,1,0.0,14.0
AI_SOULBOUND_IDENTITY_GENERATOR,1,1,0.086,35.0
AI_SPEND_CONTROL_LAYER,1,1,0.632,0.0
AI_STARTUP_ASSISTANT,1,1,0.814,27.0
AI_TALENT_PROFILE_MANAGER,1,1,0.0,13.0
AI_TASK_AUTOMATION_PLATFORM,1,1,0.211,27.0
AI_THREAT_HUNTING_AGENT,1,1,0.0,58.0
AI_TOOL_AGGREGATOR_PAYMENT_GATE,1,1,0.5,52.0
AI_TOOL_MARKETPLACE,1,1,0.636,52.0
AI_TRADING_AGENT_DEPLOYER,1,1,0.047,40.0
AI_TRADING_AGENT_MARKETPLACE,1,1,0.047,40.0
AI_TRADING_AGENT_OBSERVATION_PLATFORM,1,1,0.866,0.0
AI_TRADING_AGENT_PROTOCOL,1,1,0.765,0.0
AI_TRADING_ARENA,1,1,0.884,0.0
AI_TRADING_BOT,1,1,0.133,40.0
AI_TRADING_BOT_DEBUGGER,1,1,0.809,0.0
AI_TRADING_BOT_PLATFORM,1,1,0.785,0.0
AI_TRADING_HARNESS,1,1,0.917,0.0
AI_TRADING_SIMULATION,1,1,0.14,40.0
AI_TRADING_STRATEGY_VALIDATOR,1,1,0.723,0.0
AI_TRAINING_DATA_GENERATION_PLATFORM,1,1,0.918,0.0
AI_TRANSACTION_EXPLAINER,1,1,0.0,21.0
AI_TRANSACTION_GUARDIAN,1,1,0.905,0.0
AI_TRANSACTION_SECURITY_SCANNER,1,1,0.0,58.0
AI_TRAVEL_OPERATIONS_PLATFORM,1,1,0.0,17.0
AI_USAGE_CHECKOUT_SYSTEM,1,1,0.92,0.0
AI_VALIDATED_ESCROW_PROTOCOL,1,1,0.449,80.0
AI_VENTURE_BUILDER_PLATFORM,1,1,0.671,52.0
AI_VERIFIED_COMMITMENT_ESCROW,1,1,0.232,17.0
AI_VERIFIED_ESCROW_PAYMENT_PROTOCOL,1,1,0.449,80.0
AI_VIDEO_GENERATION_PLATFORM,1,1,0.0,10.0
AI_VIDEO_GENERATOR,1,1,0.079,27.0
AI_VOICE_LICENSING_PLATFORM,1,1,0.0,10.0
AI_WALLET_AGENT,1,1,0.0,12.0
AI_WALLET_ASSISTANT,1,1,0.922,0.0
AI_WEALTH_MANAGER,1,1,0.0,77.0
AI_WORKFLOW_AUTOMATION_AGENT,1,1,0.341,18.0
ALGORITHMIC_STABLECOIN,1,1,0.0,11.0
ALGORITHMIC_TRADING_PLATFORM,1,1,0.746,0.0
ALTERNATIVE_CREDIT_SCORING_PLATFORM,1,1,0.0,58.0
AML_SCREENING_TOOL,1,1,0.336,54.0
AMM_BASED_PREDICTION_MARKET,1,1,0.406,139.0
AMM_DEX,1,1,0.538,58.0
AMM_PROTOCOL,1,1,0.822,0.0
ANALYTICS_DASHBOARD,1,1,0.544,67.0
ANONYMOUS_CRISIS_SUPPORT_APP,1,1,0.535,103.0
ANONYMOUS_TOKEN_GATED_FORUM,1,1,0.112,35.0
ANONYMOUS_TRANSFER_PROTOCOL,1,1,0.534,103.0
API_ANALYTICS_PLATFORM,1,1,0.873,0.0
API_BILLING_GATEWAY,1,1,0.0,52.0
API_MARKETPLACE,1,1,0.286,27.0
API_MONETIZATION_GATEWAY,1,1,0.0,52.0
API_MONETIZATION_NETWORK,1,1,0.391,52.0
API_PAYMENT_PROTOCOL,1,1,0.0,52.0
APP_VALIDATION_AND_GROWTH_PLATFORM,1,1,0.733,0.0
ARBITRAGE_CASHBACK_TOOL,1,1,0.873,0.0
ARBITRAGE_INTELLIGENCE_PLATFORM,1,1,0.881,0.0
ARCADE_CHESS_GAME,1,1,0.48,167.0
ARCADE_COMBAT_JACKPOT_GAME,1,1,0.266,167.0
ARCADE_SHOOTER_GAME,1,1,0.0,167.0
ARENA_PVP_GAME,1,1,0.0,167.0
ARTILLERY_PVP_GAME,1,1,0.217,167.0
ASSET_BACKED_CREDIT_PROTOCOL,1,1,0.135,58.0
ASSET_PROTECTION_PROTOCOL,1,1,0.865,0.0
ASSET_ROUTING_PROTOCOL,1,1,0.866,0.0
ASSET_VERIFICATION_PROTOCOL,1,1,0.883,108.0
ATOMIC_SETTLEMENT_PROTOCOL,1,1,0.91,0.0
AUDITABLE_CRYPTO_DATA_ANALYTICS,1,1,0.073,21.0
AUDIT_PROTOCOL,1,1,0.619,0.0
AUTHENTICATED_AD_NETWORK,1,1,0.0,12.0
AUTHENTICITY_VERIFICATION_SERVICE,1,1,0.212,24.0
AUTOMATED_COPY_TRADING_PLATFORM,1,1,0.079,40.0
AUTOMATED_DCA_AGENT,1,1,0.538,58.0
AUTOMATED_DEFI_SECURITY_AGENT,1,1,0.0,58.0
AUTOMATED_DEFI_STRATEGY_MANAGER,1,1,0.0,77.0
AUTOMATED_DOCUMENTATION_GENERATOR,1,1,0.025,27.0
AUTOMATED_EXECUTION_LAYER,1,1,0.654,0.0
AUTOMATED_PAYMENT_SPLITTER,1,1,0.027,17.0
AUTOMATED_PORTFOLIO_MANAGER,1,1,0.0,77.0
AUTOMATED_PREDICTION_MARKET_ETF,1,1,0.79,0.0
AUTOMATED_RETENTION_ENGINE,1,1,0.503,67.0
AUTOMATED_RISK_MANAGEMENT_PROTOCOL,1,1,0.0,17.0
AUTOMATED_ROTATING_SAVINGS_GROUP,1,1,0.0,12.0
AUTOMATED_SECURITY_AUDIT_SYSTEM,1,1,0.452,58.0
AUTOMATED_TRADING_ENGINE,1,1,0.395,77.0
AUTOMATED_TRADING_PLATFORM,1,1,0.726,0.0
AUTOMATED_TRADING_PROTOCOL,1,1,0.791,0.0
AUTOMATED_TRADING_STRATEGY,1,1,0.395,77.0
AUTOMATED_TRADING_STRATEGY_MARKETPLACE,1,1,0.395,77.0
AUTOMATED_TRADING_SYSTEM,1,1,0.785,0.0
AUTOMATED_WORK_PAYMENT_PROTOCOL,1,1,0.579,80.0
AUTOMATED_YIELD_OPTIMIZER,1,1,0.0,77.0
AUTOMATED_YIELD_STRATEGY_TOKEN,1,1,0.0,77.0
AUTONOMOUS_AGENT_FINANCIAL_ORACLE,1,1,0.666,0.0
AUTONOMOUS_AI_AGENT_PLATFORM,1,1,0.787,0.0
AUTONOMOUS_ASSET_MANAGER,1,1,0.0,77.0
AUTONOMOUS_CAPITAL_RESCUE_PROTOCOL,1,1,0.0,17.0
AUTONOMOUS_DEFI_RISK_MANAGER,1,1,0.0,17.0
AUTONOMOUS_FLEET_COORDINATION_PLATFORM,1,1,0.0,14.0
AUTONOMOUS_PAYMENT_AGENT,1,1,0.0,11.0
AUTONOMOUS_PAYROLL_AGENT,1,1,0.092,103.0
AUTONOMOUS_RESOURCE_MANAGER,1,1,0.846,0.0
AUTONOMOUS_SECURITY_AGENT_NETWORK,1,1,0.555,58.0
AUTONOMOUS_TRADING_AGENT_PLATFORM,1,1,0.047,40.0
AUTONOMOUS_TREASURY_MANAGER,1,1,0.859,0.0
AUTO_INVESTMENT_WALLET,1,1,0.0,12.0
B2B_PAYMENT_ORCHESTRATOR,1,1,0.357,103.0
B2B_PRIVATE_PAYMENT_PROTOCOL,1,1,0.147,103.0
BASIC_DEFI_INTERFACE,1,1,0.933,0.0
BATCH_TRADING_ENGINE,1,1,0.85,0.0
BATCH_TRADING_PLATFORM,1,1,0.85,0.0
BATTLE_ROYALE_GAME,1,1,0.421,167.0
BEHAVIORAL_ANALYTICS_ENGINE,1,1,0.596,67.0
BEHAVIORAL_BIOMETRIC_AUTHENTICATION_SYSTEM,1,1,0.893,0.0
BEHAVIORAL_COMMITMENT_LAYER,1,1,0.59,17.0
BEHAVIORAL_CREDIT_PROTOCOL,1,1,0.745,58.0
BEHAVIORAL_IDENTITY_VERIFICATION_LAYER,1,1,0.0,35.0
BEHAVIORAL_MARKET_ANALYTICS,1,1,0.596,67.0
BEHAVIORAL_PROOF_OF_PERSONHOOD,1,1,0.0,35.0
BEHAVIORAL_RISK_MITIGATION_SYSTEM,1,1,0.859,0.0
BIOMETRIC_AI_PAYMENT_SYSTEM,1,1,0.767,0.0
BIOMETRIC_IDENTITY_PROVIDER,1,1,0.035,35.0
BLOCKCHAIN_AI_AGENT_WORKSPACE,1,1,0.098,22.0
BLOCKCHAIN_ANALYTICS_PLATFORM,1,1,0.0,67.0
BLOCKCHAIN_CLIENT_LIBRARY,1,1,0.758,27.0
BLOCKCHAIN_VISUALIZATION_TOOL,1,1,0.0,21.0
BONDING_CURVE_TOKEN,1,1,0.0,37.0
BOT_DETECTION_AND_VERIFICATION_NETWORK,1,1,0.687,54.0
BOUNTY_BASED_DATING_PLATFORM,1,1,0.756,35.0
BOUNTY_MANAGEMENT_PLATFORM,1,1,0.865,80.0
BOUNTY_MARKETPLACE,1,1,0.871,80.0
BOUNTY_PAYOUT_ESCROW,1,1,0.865,80.0
BROWSER_BASED_WALLET,1,1,0.0,20.0
BUILDER_CREDIT_AND_REPUTATION_PLATFORM,1,1,0.893,0.0
BUSINESS_CRYPTO_PAYMENT_WALLET,1,1,0.826,0.0
BUSINESS_FINANCE_PLATFORM,1,1,0.0,103.0
BUSINESS_FINANCING_PLATFORM,1,1,0.322,108.0
BUSINESS_OPERATIONS_PLATFORM,1,1,0.369,103.0
BUSINESS_SIMULATION_PLATFORM,1,1,0.402,0.0
CAPITAL_EFFICIENT_LENDING_PROTOCOL,1,1,0.0,58.0
CARBON_OFFSET_MONITORING_SYSTEM,1,1,0.712,108.0
CAREER_DEVELOPMENT_PLATFORM,1,1,0.856,37.0
CASUAL_LOTTERY_GAME,1,1,0.0,167.0
CASUAL_P2E_BOARD_GAME,1,1,0.244,167.0
CASUAL_P2E_GAME,1,1,0.244,167.0
CERTIFICATE_VERIFICATION_PRODUCT,1,1,0.015,24.0
CEX_INTEGRATED_PAYMENT_LAYER,1,1,0.83,0.0
CFD_TRADING_PROTOCOL,1,1,0.43,0.0
CHARACTER_COLLECTION_PVE_GAME,1,1,0.263,167.0
CHARTER_BOOKING_PLATFORM,1,1,0.0,17.0
CHATBOT_FINANCIAL_INTERFACE,1,1,0.685,24.0
CHAT_BASED_ESCROW_PLATFORM,1,1,0.473,80.0
CITIZEN_REPORTING_SYSTEM,1,1,0.908,0.0
CITY_BUILDING_GAME,1,1,0.0,167.0
CIVIC_GOVERNANCE_PLATFORM,1,1,0.891,0.0
CLINICAL_DATA_INFRASTRUCTURE,1,1,0.0,28.0
COACHING_PLATFORM,1,1,0.927,0.0
CODE_AUDIT_AND_REMEDIATION_ENGINE,1,1,0.631,54.0
COLLABORATIVE_KNOWLEDGE_BASE,1,1,0.05,23.0
COLLABORATIVE_MUSIC_PLATFORM,1,1,0.234,41.0
COLLATERALIZED_DEBT_POSITION_PROTOCOL,1,1,0.0,58.0
COLLECTIBLE_EXPLORATION_GAME,1,1,0.509,167.0
COLLECTIBLE_GRADING_PLATFORM,1,1,0.0,21.0
COLLECTIBLE_MARKETPLACE_AGGREGATOR,1,1,0.0,21.0
COLLECTIBLE_MARKETPLACE_AND_DATA,1,1,0.0,21.0
COMMITMENT_BASED_RESERVATION_SYSTEM,1,1,0.0,11.0
COMMITMENT_BASED_SOCIAL_PLATFORM,1,1,0.756,35.0
COMMITMENT_MARKET,1,1,0.0,17.0
COMMITMENT_STAKING_PROTOCOL,1,1,0.0,17.0
COMMUNITY_ACCESS_MARKETPLACE,1,1,0.846,108.0
COMMUNITY_ECOMMERCE_PLATFORM,1,1,0.0,108.0
COMMUNITY_ENGAGEMENT_PLATFORM,1,1,0.859,37.0
COMMUNITY_FINANCE_PROTOCOL,1,1,0.711,58.0
COMMUNITY_FUNDING_DAO,1,1,0.238,37.0
COMMUNITY_GOVERNED_CONTENT_PLATFORM,1,1,0.0,41.0
COMMUNITY_GOVERNED_CROWDFUNDING_PLATFORM,1,1,0.0,16.0
COMMUNITY_LENDING_PROTOCOL,1,1,0.661,58.0
COMMUNITY_MANAGEMENT_TOOL,1,1,0.0,12.0
COMMUNITY_PROJECT_VOTING_PLATFORM,1,1,0.697,0.0
COMMUNITY_RIDE_SHARING_PLATFORM,1,1,0.933,0.0
COMMUNITY_TOKEN_MARKETPLACE,1,1,0.917,0.0
COMPETITION_EVALUATION_SYSTEM,1,1,0.924,0.0
COMPETITIVE_ACTION_GAME,1,1,0.093,167.0
COMPETITIVE_CODING_CHALLENGE,1,1,0.0,167.0
COMPETITIVE_ECONOMY_SIMULATION_GAME,1,1,0.655,167.0
COMPETITIVE_GAMING_PLATFORM,1,1,0.0,167.0
COMPETITIVE_PORTFOLIO_TOURNAMENT,1,1,0.48,167.0
COMPETITIVE_PRICE_PREDICTION_GAME,1,1,0.759,167.0
COMPETITIVE_PUZZLE_GAME,1,1,0.244,167.0
COMPETITIVE_PVP_GAMING_PLATFORM,1,1,0.459,167.0
COMPETITIVE_PVP_MOBILE_GAME,1,1,0.0,167.0
COMPETITIVE_TRADING_SIMULATOR,1,1,0.562,167.0
COMPETITIVE_YIELD_GAME,1,1,0.346,167.0
COMPLIANCE_AUTOMATION_PLATFORM,1,1,0.644,0.0
COMPLIANCE_MONITORING_PROTOCOL,1,1,0.0,17.0
COMPLIANCE_VERIFICATION_LAYER,1,1,0.608,0.0
COMPLIANT_P2P_EXCHANGE,1,1,0.0,10.0
COMPLIANT_PAYROLL_SYSTEM,1,1,0.413,103.0
COMPUTER_VISION_PAYMENT_TRIGGER,1,1,0.0,17.0
CONDITIONAL_PAYMENT_ESCROW_PLATFORM,1,1,0.449,80.0
CONDITIONAL_PAYMENT_PROTOCOL,1,1,0.486,80.0
CONDITIONAL_TOKEN_LAUNCHPAD,1,1,0.0,37.0
CONDITIONAL_TRADING_TERMINAL,1,1,0.505,139.0
CONFIDENTIAL_AGENT_YIELD_INFRASTRUCTURE,1,1,0.066,11.0
CONFIDENTIAL_AMM,1,1,0.697,17.0
CONFIDENTIAL_AUCTION_PLATFORM,1,1,0.0,17.0
CONFIDENTIAL_CREDIT_SCORING_PROTOCOL,1,1,0.36,58.0
CONFIDENTIAL_CROSS_CHAIN_SETTLEMENT,1,1,0.0,11.0
CONFIDENTIAL_DAF_PLATFORM,1,1,0.305,103.0
CONFIDENTIAL_DAO_TREASURY,1,1,0.166,103.0
CONFIDENTIAL_FINANCE_PLATFORM,1,1,0.166,103.0
CONFIDENTIAL_INTENT_AGGREGATOR,1,1,0.0,11.0
CONFIDENTIAL_LENDING_PROTOCOL,1,1,0.85,0.0
CONFIDENTIAL_MATCHING_ENGINE,1,1,0.0,11.0
CONFIDENTIAL_NFT_GIFT_CARD_PROTOCOL,1,1,0.046,21.0
CONFIDENTIAL_PAYMENT_NETWORK,1,1,0.0,103.0
CONFIDENTIAL_PAYROLL_MANAGEMENT,1,1,0.166,103.0
CONFIDENTIAL_PAYROLL_PLATFORM,1,1,0.464,103.0
CONFIDENTIAL_PAYROLL_PROTOCOL,1,1,0.0,103.0
CONFIDENTIAL_PAYROLL_SETTLEMENT_SYSTEM,1,1,0.0,103.0
CONFIDENTIAL_PERPETUAL_CLOB,1,1,0.697,17.0
CONFIDENTIAL_TRADING_VAULT,1,1,0.913,0.0
CONFIDENTIAL_TRANSACTION_LAYER,1,1,0.534,103.0
CONFIDENTIAL_TRANSACTION_ROUTING,1,1,0.175,103.0
CONFIDENTIAL_TREASURY_MANAGER,1,1,0.166,103.0
CONSUMER_AFFILIATE_PROTOCOL,1,1,0.47,41.0
CONSUMER_CRYPTO_PAYMENT_ADAPTER,1,1,0.0,23.0
CONSUMER_TREASURY_MANAGEMENT,1,1,0.874,0.0
CONTENT_AUTHENTICATION_PLATFORM,1,1,0.16,24.0
CONTENT_AUTHENTICITY_PROTOCOL,1,1,0.0,23.0
CONTENT_CREATION_COMPETITION_PLATFORM,1,1,0.304,41.0
CONTENT_TOKENIZATION_MARKETPLACE,1,1,0.684,0.0
CONTENT_VERIFICATION_PLATFORM,1,1,0.0,15.0
CONTINUOUS_AUCTION_PROTOCOL,1,1,0.0,17.0
CONTINUOUS_CLEARING_AUCTION_DEX,1,1,0.301,24.0
CONTINUOUS_PAYMENT_STREAMING_PROTOCOL,1,1,0.177,103.0
CONTINUOUS_REWARD_DISTRIBUTION_PROTOCOL,1,1,0.348,37.0
CONVERSATIONAL_COMMERCE_AGENT,1,1,0.568,52.0
CONVERSATIONAL_DEFI_AGENT,1,1,0.121,12.0
CONVERSATIONAL_WEB3_INTERFACE,1,1,0.0,18.0
CONVICTION_BASED_PROJECT_BACKING_PLATFORM,1,1,0.175,16.0
CONVICTION_MARKET,1,1,0.51,139.0
COOPERATIVE_RELAY_GAME,1,1,0.624,167.0
COPY_TRADING_PROTOCOL,1,1,0.0,40.0
CREATOR_ACCESS_MONETIZATION_PLATFORM,1,1,0.0,41.0
CREATOR_BRAND_MARKETPLACE,1,1,0.47,41.0
CREATOR_ECONOMY_MARKETPLACE,1,1,0.0,41.0
CREATOR_ECONOMY_PLATFORM,1,1,0.0,41.0
CREATOR_ECOSYSTEM_PLATFORM,1,1,0.353,37.0
CREATOR_FAN_ENGAGEMENT_PLATFORM,1,1,0.0,41.0
CREATOR_FINANCIAL_MARKET,1,1,0.684,0.0
CREATOR_MARKETPLACE,1,1,0.47,41.0
CREATOR_MONETIZATION_PLATFORM,1,1,0.234,41.0
CREATOR_OPERATING_SYSTEM,1,1,0.0,41.0
CREATOR_PAYMENT_ADVANCE_PLATFORM,1,1,0.668,0.0
CREATOR_PAYMENT_SETTLEMENT_PROTOCOL,1,1,0.692,0.0
CREATOR_PLATFORM,1,1,0.0,41.0
CREATOR_SPONSORSHIP_MARKET,1,1,0.838,0.0
CREATOR_SUPPORT_NFT_PLATFORM,1,1,0.832,0.0
CREATOR_TIPPING_PLATFORM,1,1,0.0,11.0
CREATOR_TIPPING_PROTOCOL,1,1,0.0,11.0
CREATOR_TOKEN_TRUST_ANALYTICS,1,1,0.574,0.0
CREDENTIAL_ISSUER,1,1,0.0,10.0
CREDENTIAL_VERIFICATION_PROTOCOL,1,1,0.39,35.0
CREDIBILITY_SCORING_ENGINE,1,1,0.913,0.0
CREDIT_ATTRIBUTION_NETWORK,1,1,0.0,15.0
CREDIT_PROTOCOL,1,1,0.385,58.0
CROSSCHAIN_BROKERAGE_PROTOCOL,1,1,0.866,0.0
CROSS_BORDER_AUCTION_PLATFORM,1,1,0.901,0.0
CROSS_BORDER_NEOBANK,1,1,0.0,24.0
CROSS_BORDER_PAYMENTS_RAIL,1,1,0.346,24.0
CROSS_BORDER_PAYMENT_AGENT,1,1,0.0,10.0
CROSS_BORDER_PAYMENT_APP,1,1,0.0,23.0
CROSS_BORDER_PAYMENT_ORCHESTRATOR,1,1,0.895,0.0
CROSS_BORDER_PAYMENT_PLATFORM,1,1,0.481,24.0
CROSS_BORDER_PAYMENT_PROCESSOR,1,1,0.474,24.0
CROSS_BORDER_PAYMENT_PROTOCOL,1,1,0.515,24.0
CROSS_BORDER_PAYMENT_RAIL,1,1,0.483,24.0
CROSS_BORDER_PAYMENT_SETTLEMENT,1,1,0.474,24.0
CROSS_BORDER_PAYMENT_SOLUTION,1,1,0.483,24.0
CROSS_BORDER_PAYROLL_INFRASTRUCTURE,1,1,0.182,103.0
CROSS_BORDER_REMITTANCE_PROTOCOL,1,1,0.0,24.0
CROSS_BORDER_REMITTANCE_SERVICE,1,1,0.0,24.0
CROSS_CHAIN_ASSET_BRIDGE,1,1,0.866,0.0
CROSS_CHAIN_BRIDGE,1,1,0.866,0.0
CROSS_CHAIN_CLEARING_HOUSE,1,1,0.0,11.0
CROSS_CHAIN_EXCHANGE,1,1,0.0,11.0
CROSS_CHAIN_INTENT_ENGINE,1,1,0.0,11.0
CROSS_CHAIN_INTENT_SETTLEMENT_ENGINE,1,1,0.0,11.0
CROSS_CHAIN_INTENT_SWAP_PROTOCOL,1,1,0.0,11.0
CROSS_CHAIN_LIQUIDITY_ROUTER,1,1,0.866,0.0
CROSS_CHAIN_PAYMENT_INFRASTRUCTURE,1,1,0.808,0.0
CROSS_CHAIN_PAYMENT_PROCESSOR,1,1,0.0,18.0
CROSS_CHAIN_ROUTING_AGGREGATOR,1,1,0.866,0.0
CROSS_CHAIN_SECURITY_AUDITOR,1,1,0.0,58.0
CROSS_CHAIN_SECURITY_LAYER,1,1,0.0,58.0
CROSS_CHAIN_SETTLEMENT_ENGINE,1,1,0.737,0.0
CROSS_CHAIN_SIGNING_PROTOCOL,1,1,0.886,0.0
CROSS_CHAIN_TREASURY_MANAGEMENT,1,1,0.874,0.0
CROSS_CHAIN_WALLET,1,1,0.866,0.0
CROSS_CHAIN_YIELD_ROUTER,1,1,0.209,77.0
CROWDFUNDED_LENDING_MARKETPLACE,1,1,0.0,58.0
CROWDSOURCED_CONTENT_CURATION_PLATFORM,1,1,0.38,41.0
CROWD_INFLUENCED_RACING_GAME,1,1,0.783,0.0
CRYPTOGRAPHIC_DOCUMENT_SIGNING_SERVICE,1,1,0.703,0.0
CRYPTOGRAPHIC_KEY_GENERATOR,1,1,0.852,0.0
CRYPTO_ASSET_SCANNER,1,1,0.0,54.0
CRYPTO_BILL_PAYMENT_PLATFORM,1,1,0.79,0.0
CRYPTO_COLLATERALIZED_CREDIT_CARD,1,1,0.0,58.0
CRYPTO_CORPORATE_SPENDING_PLATFORM,1,1,0.727,58.0
CRYPTO_EDUCATION_PLATFORM,1,1,0.0,37.0
CRYPTO_FIAT_PAYMENT_HUB,1,1,0.753,0.0
CRYPTO_FORENSICS_PLATFORM,1,1,0.624,67.0
CRYPTO_INHERITANCE_PROTOCOL,1,1,0.0,18.0
CRYPTO_INVOICE_SETTLEMENT_PLATFORM,1,1,0.572,103.0
CRYPTO_INVOICING_PLATFORM,1,1,0.711,80.0
CRYPTO_PAYMENT_HUB,1,1,0.833,0.0
CRYPTO_PAYMENT_LINK_GENERATOR,1,1,0.0,18.0
CRYPTO_PAYMENT_MANAGEMENT_DASHBOARD,1,1,0.848,0.0
CRYPTO_PAYMENT_TERMINAL,1,1,0.695,0.0
CRYPTO_PAYMENT_TOOL,1,1,0.738,0.0
CRYPTO_POINT_OF_SALE,1,1,0.06,12.0
CRYPTO_PORTFOLIO_TRACKER,1,1,0.488,67.0
CRYPTO_PREPAID_CARD_ISSUER,1,1,0.508,58.0
CRYPTO_RISK_INTELLIGENCE_PLATFORM,1,1,0.0,17.0
CRYPTO_TAX_API,1,1,0.0,21.0
CRYPTO_TAX_REPORTING_TOOL,1,1,0.0,21.0
CURATED_LEARNING_PATH_PLATFORM,1,1,0.582,37.0
CURATOR_FUNDING_PLATFORM,1,1,0.609,16.0
CUSTODY_PLATFORM,1,1,0.373,103.0
CUSTOM_WALLET_ADDRESS_GENERATOR,1,1,0.301,27.0
DAILY_DUNGEON_ROGUELIKE_GAME,1,1,0.013,167.0
DAO_CONFIDENTIAL_PAYROLL,1,1,0.0,103.0
DAO_FACTORY,1,1,0.664,37.0
DAO_TREASURY_AGENT,1,1,0.728,0.0
DAO_TREASURY_MANAGEMENT_SYSTEM,1,1,0.328,103.0
DAO_TREASURY_MONITOR,1,1,0.633,58.0
DAO_VENTURE_FUND,1,1,0.238,37.0
DAPP_AGGREGATOR_WORKSPACE,1,1,0.0,19.0
DAPP_DIRECTORY,1,1,0.834,0.0
DAPP_ISOLATION_WALLET,1,1,0.865,0.0
DAPP_ONBOARDING_TOOLKIT,1,1,0.758,27.0
DATA_AGGREGATION_AND_COMPARISON_PLATFORM,1,1,0.073,21.0
DATA_ANALYTICS_PLATFORM,1,1,0.902,0.0
DATA_ATTESTATION_PROTOCOL,1,1,0.034,23.0
DATA_COALESCING_SERVICE,1,1,0.756,0.0
DATA_CONSENT_MANAGEMENT_PLATFORM,1,1,0.0,28.0
DATA_INDEXING_SERVICE,1,1,0.544,67.0
DATA_INTEGRATION_LAYER,1,1,0.703,108.0
DATA_MANAGEMENT_SYSTEM,1,1,0.574,101.0
DATA_MARKETPLACE,1,1,0.918,28.0
DATA_MONETIZATION_PLATFORM,1,1,0.676,0.0
DATA_STANDARDIZATION_PROTOCOL,1,1,0.906,0.0
DATA_VALIDATION_PROTOCOL,1,1,0.756,0.0
DCA_PROTOCOL,1,1,0.395,77.0
DEAD_MANS_SWITCH_ASSET_TRANSFER,1,1,0.203,18.0
DEAD_MANS_SWITCH_PROTOCOL,1,1,0.0,18.0
DECENTRALIZED_ACCOUNTABILITY_PROTOCOL,1,1,0.0,17.0
DECENTRALIZED_ADVERTISING_MARKETPLACE,1,1,0.0,12.0
DECENTRALIZED_AD_NETWORK,1,1,0.0,12.0
DECENTRALIZED_AGRICULTURAL_CLAIM_VERIFIER,1,1,0.925,0.0
DECENTRALIZED_AI_COMPUTATION_NETWORK,1,1,0.0,16.0
DECENTRALIZED_AI_COMPUTE_MARKETPLACE,1,1,0.0,18.0
DECENTRALIZED_AI_COMPUTE_NETWORK,1,1,0.0,18.0
DECENTRALIZED_AI_INFERENCE_MARKETPLACE,1,1,0.083,18.0
DECENTRALIZED_AI_INFERENCE_NETWORK,1,1,0.543,18.0
DECENTRALIZED_ASSET_REGISTRY,1,1,0.607,0.0
DECENTRALIZED_ATTENTION_NETWORK,1,1,0.47,41.0
DECENTRALIZED_AUTHORSHIP_INFRASTRUCTURE,1,1,0.0,21.0
DECENTRALIZED_CLOUD_COMPUTE_PLATFORM,1,1,0.0,18.0
DECENTRALIZED_COMPUTE_COORDINATION_PROTOCOL,1,1,0.754,0.0
DECENTRALIZED_COMPUTE_NETWORK,1,1,0.22,18.0
DECENTRALIZED_CONTENT_STREAMING_PLATFORM,1,1,0.304,41.0
DECENTRALIZED_CREATOR_PROTOCOL,1,1,0.928,0.0
DECENTRALIZED_CREDENTIAL_REGISTRY,1,1,0.0,11.0
DECENTRALIZED_CREDENTIAL_VERIFICATION,1,1,0.0,11.0
DECENTRALIZED_CREDIT_SCORING_PLATFORM,1,1,0.0,58.0
DECENTRALIZED_CROWDFUNDING_PLATFORM,1,1,0.0,16.0
DECENTRALIZED_CURATION_PLATFORM,1,1,0.304,41.0
DECENTRALIZED_DATA_COLLECTION_NETWORK,1,1,0.89,0.0
DECENTRALIZED_DATA_LABELING_PLATFORM,1,1,0.913,0.0
DECENTRALIZED_DERIVATIVES_EXCHANGE,1,1,0.0,24.0
DECENTRALIZED_ENERGY_MARKETPLACE,1,1,0.636,108.0
DECENTRALIZED_ENERGY_VERIFICATION_NETWORK,1,1,0.636,108.0
DECENTRALIZED_ESCROW_PAYMENT_PLATFORM,1,1,0.474,80.0
DECENTRALIZED_ESCROW_SERVICE,1,1,0.343,80.0
DECENTRALIZED_EVENT_TICKETING_PLATFORM,1,1,0.0,11.0
DECENTRALIZED_EXCHANGE,1,1,0.479,77.0
DECENTRALIZED_EXCHANGE_WITH_BORROWING,1,1,0.0,24.0
DECENTRALIZED_FOOD_DELIVERY_PLATFORM,1,1,0.93,0.0
DECENTRALIZED_FREELANCE_MARKETPLACE,1,1,0.0,80.0
DECENTRALIZED_FUNDING_PLATFORM,1,1,0.73,16.0
DECENTRALIZED_FUNDRAISING_PLATFORM,1,1,0.0,16.0
DECENTRALIZED_GEOSPATIAL_DATA_NETWORK,1,1,0.046,21.0
DECENTRALIZED_GROUP_SAVINGS_PROTOCOL,1,1,0.294,12.0
DECENTRALIZED_HEALTHCARE_PAYMENT_PROTOCOL,1,1,0.0,28.0
DECENTRALIZED_HEALTH_DATA_MANAGEMENT,1,1,0.0,28.0
DECENTRALIZED_IDENTITY_MANAGEMENT,1,1,0.131,35.0
DECENTRALIZED_IDENTITY_PROTOCOL,1,1,0.117,35.0
DECENTRALIZED_IDENTITY_VERIFICATION_PROTOCOL,1,1,0.0,10.0
DECENTRALIZED_INCUBATOR,1,1,0.238,37.0
DECENTRALIZED_INDEX_FUND,1,1,0.001,77.0
DECENTRALIZED_INSURANCE_PROTOCOL,1,1,0.0,11.0
DECENTRALIZED_LABOR_MARKETPLACE,1,1,0.917,0.0
DECENTRALIZED_LENDING_PLATFORM,1,1,0.0,58.0
DECENTRALIZED_LENDING_POOL,1,1,0.381,58.0
DECENTRALIZED_LOGISTICS_NETWORK,1,1,0.492,80.0
DECENTRALIZED_MAPPING_SERVICE,1,1,0.915,0.0
DECENTRALIZED_MARKETPLACE,1,1,0.912,0.0
DECENTRALIZED_MERCHANT_PAYMENTS,1,1,0.792,0.0
DECENTRALIZED_MESSAGING_APP,1,1,0.0,35.0
DECENTRALIZED_MESSAGING_PLATFORM,1,1,0.0,35.0
DECENTRALIZED_NETWORK_OBSERVABILITY,1,1,0.0,21.0
DECENTRALIZED_OPTIONS_MARKET,1,1,0.0,10.0
DECENTRALIZED_OPTIONS_PROTOCOL,1,1,0.0,10.0
DECENTRALIZED_ORACLE_NETWORK,1,1,0.0,16.0
DECENTRALIZED_PASSWORD_MANAGER,1,1,0.0,20.0
DECENTRALIZED_PERFORMANCE_MARKETING_NETWORK,1,1,0.47,41.0
DECENTRALIZED_POLLING_PLATFORM,1,1,0.688,0.0
DECENTRALIZED_PROOF_OF_HUMANITY,1,1,0.0,35.0
DECENTRALIZED_PROXY_NETWORK,1,1,0.636,52.0
DECENTRALIZED_REAL_ESTATE_MARKETPLACE,1,1,0.139,108.0
DECENTRALIZED_REPUTATION_SYSTEM,1,1,0.933,0.0
DECENTRALIZED_RESEARCH_FUNDING_PLATFORM,1,1,0.928,0.0
DECENTRALIZED_RESEARCH_PLATFORM,1,1,0.909,0.0
DECENTRALIZED_REVIEW_PLATFORM,1,1,0.834,0.0
DECENTRALIZED_RIDE_HAILING_PLATFORM,1,1,0.933,0.0
DECENTRALIZED_RPC_NETWORK,1,1,0.912,0.0
DECENTRALIZED_SALES_MARKETPLACE,1,1,0.473,80.0
DECENTRALIZED_SAVINGS_CIRCLE,1,1,0.0,12.0
DECENTRALIZED_SERVICE_MARKETPLACE,1,1,0.865,80.0
DECENTRALIZED_SERVICE_SUITE,1,1,0.0,103.0
DECENTRALIZED_SOCIAL_NETWORK_PROTOCOL,1,1,0.0,35.0
DECENTRALIZED_TALENT_HUB,1,1,0.322,80.0
DECENTRALIZED_TASK_MARKETPLACE,1,1,0.0,27.0
DECENTRALIZED_TICKETING_PLATFORM,1,1,0.0,11.0
DECENTRALIZED_TIPPING_MECHANISM,1,1,0.0,11.0
DECENTRALIZED_TOKEN_LAUNCH_PLATFORM,1,1,0.0,37.0
DECENTRALIZED_TOURISM_MARKETPLACE,1,1,0.704,80.0
DECENTRALIZED_TRADING_PLATFORM,1,1,0.882,0.0
DECENTRALIZED_TRUST_PROTOCOL,1,1,0.449,80.0
DECENTRALIZED_VPN_SERVICE,1,1,0.615,0.0
DECENTRALIZED_VRF_PROVIDER,1,1,0.91,0.0
DECENTRALIZED_WEB_SEARCH_ENGINE,1,1,0.898,0.0
DEFI_AGENT_PLATFORM,1,1,0.839,0.0
DEFI_AGGREGATOR,1,1,0.807,0.0
DEFI_AGGREGATOR_INTERFACE,1,1,0.823,0.0
DEFI_AUTOMATION_ENGINE,1,1,0.052,77.0
DEFI_AUTOMATION_PLATFORM,1,1,0.027,17.0
DEFI_CASHFLOW_OPTIMIZER,1,1,0.0,77.0
DEFI_CREDENTIAL_ATTESTATION,1,1,0.157,35.0
DEFI_EDUCATION_TOOL,1,1,0.755,37.0
DEFI_LENDING_OPTIMIZER,1,1,0.0,58.0
DEFI_LIQUIDATION_PREVENTION_AGENT,1,1,0.0,17.0
DEFI_LIQUIDATION_PREVENTION_TOOL,1,1,0.0,17.0
DEFI_OPTIONS_SUBSIDIZATION_PROTOCOL,1,1,0.843,0.0
DEFI_PAYROLL_PLATFORM,1,1,0.0,103.0
DEFI_PRIMITIVES_AGGREGATOR,1,1,0.0,58.0
DEFI_PRIMITIVE_OPTIONS,1,1,0.0,10.0
DEFI_PRIVACY_LAYER,1,1,0.534,103.0
DEFI_PROTOCOL_AGGREGATOR_SDK,1,1,0.003,11.0
DEFI_RISK_ASSESSMENT_PLATFORM,1,1,0.818,0.0
DEFI_RISK_DASHBOARD,1,1,0.806,0.0
DEFI_RISK_INTELLIGENCE_TOOL,1,1,0.913,0.0
DEFI_RISK_MANAGEMENT_PLATFORM,1,1,0.818,0.0
DEFI_RISK_POLICY_ENFORCER,1,1,0.0,17.0
DEFI_SAVINGS_ACCOUNT_AGGREGATOR,1,1,0.44,77.0
DEFI_SAVINGS_PROTOCOL,1,1,0.306,77.0
DEFI_SIMULATOR,1,1,0.725,167.0
DEFI_STRATEGY_AUTOMATOR,1,1,0.437,77.0
DEFI_STRATEGY_VAULT,1,1,0.0,77.0
DEFI_SUPER_APP,1,1,0.492,77.0
DEFI_VAULT_MANAGER,1,1,0.22,77.0
DEFI_YIELD_AGGREGATOR,1,1,0.209,77.0
DEFI_YIELD_ANALYTICS_ENGINE,1,1,0.209,77.0
DEFI_YIELD_ANALYTICS_PLATFORM,1,1,0.209,77.0
DEFI_YIELD_OPTIMIZER,1,1,0.331,77.0
DEFI_YIELD_PRODUCT,1,1,0.672,58.0
DEFI_YIELD_STRATEGY_MANAGER,1,1,0.102,77.0
DEGEN_TRADING_DASHBOARD,1,1,0.529,67.0
DELEGATED_TRANSACTION_ORCHESTRATOR,1,1,0.666,0.0
DELTA_NEUTRAL_STRATEGY_VAULT,1,1,0.049,77.0
DELTA_NEUTRAL_YIELD_PROTOCOL,1,1,0.0,10.0
DEMAND_DRIVEN_MANUFACTURING_PLATFORM,1,1,0.928,0.0
DEPEG_PREVENTION_PROTOCOL,1,1,0.0,17.0
DEPIN_DATA_MARKETPLACE,1,1,0.89,0.0
DEPIN_INFRASTRUCTURE_COORDINATOR,1,1,0.636,108.0
DEPIN_NETWORK_INFRASTRUCTURE,1,1,0.93,0.0
DEPIN_NODE_NETWORK,1,1,0.656,167.0
DEPIN_ORCHESTRATION_PLATFORM,1,1,0.939,0.0
DEPIN_ORCHESTRATION_PROTOCOL,1,1,0.925,0.0
DERIVATIVES_AMM,1,1,0.0,24.0
DERIVATIVES_CLEARING_LAYER,1,1,0.0,10.0
DESTINATION_VERIFICATION_NETWORK,1,1,0.66,0.0
DETERMINISTIC_FINANCIAL_PRODUCT_PLATFORM,1,1,0.86,0.0
DEVELOPER_COLLABORATION_PLATFORM,1,1,0.928,0.0
DEVELOPER_DIAGNOSTICS_TOOL,1,1,0.0,67.0
DEVELOPER_ORCHESTRATION_TOOL,1,1,0.758,27.0
DEVELOPER_PAYMENT_INFRASTRUCTURE,1,1,0.803,0.0
DEVELOPER_PAYOUT_AUTOMATION,1,1,0.814,80.0
DEVELOPER_REPUTATION_NETWORK,1,1,0.0,13.0
DEVELOPER_SDK,1,1,0.758,27.0
DEVELOPER_SECURITY_TOOL,1,1,0.932,0.0
DEVELOPER_SKILL_DIAGNOSTIC,1,1,0.896,0.0
DIGITAL_ASSET_AUTHENTICATION_PLATFORM,1,1,0.16,24.0
DIGITAL_ASSET_ISSUANCE_FACTORY,1,1,0.362,37.0
DIGITAL_ASSET_KMS,1,1,0.504,0.0
DIGITAL_ASSET_PROOF_OF_OWNERSHIP,1,1,0.16,24.0
DIGITAL_ASSET_SUCCESSION_PROTOCOL,1,1,0.0,18.0
DIGITAL_ASSET_TRACKING_SYSTEM,1,1,0.0,24.0
DIGITAL_ASSET_WALLET,1,1,0.45,20.0
DIGITAL_AUTHENTICATION_SERVICE,1,1,0.096,21.0
DIGITAL_BANKING_PLATFORM,1,1,0.093,103.0
DIGITAL_BUSINESS_CARD_MANAGER,1,1,0.077,11.0
DIGITAL_CASH_SYSTEM,1,1,0.091,23.0
DIGITAL_CERTIFICATE_VERIFIER,1,1,0.038,24.0
DIGITAL_COLLECTIBLE_ARCHIVE,1,1,0.0,21.0
DIGITAL_COLLECTIBLE_PLATFORM,1,1,0.046,21.0
DIGITAL_CONTENT_DISTRIBUTION_PLATFORM,1,1,0.801,0.0
DIGITAL_CONTENT_LICENSING_PLATFORM,1,1,0.019,21.0
DIGITAL_CONTENT_UNLOCKER,1,1,0.92,0.0
DIGITAL_CREDENTIALING_PLATFORM,1,1,0.718,0.0
DIGITAL_CREDENTIAL_WALLET,1,1,0.0,11.0
DIGITAL_CULTURAL_ARCHIVE,1,1,0.0,21.0
DIGITAL_CURRENCY_PAYMENT_SYSTEM,1,1,0.176,23.0
DIGITAL_FASHION_ATTRIBUTION_PLATFORM,1,1,0.928,0.0
DIGITAL_FIAT_CRYPTO_BANK,1,1,0.059,23.0
DIGITAL_HEALTH_PLATFORM,1,1,0.18,28.0
DIGITAL_IDENTITY_AND_UTILITY_HUB,1,1,0.532,0.0
DIGITAL_IDENTITY_PROTOCOL,1,1,0.0,35.0
DIGITAL_IDENTITY_REGISTRY,1,1,0.666,0.0
DIGITAL_INHERITANCE_PLATFORM,1,1,0.0,18.0
DIGITAL_KEEPSAKE_PLATFORM,1,1,0.011,15.0
DIGITAL_LEDGER,1,1,0.299,108.0
DIGITAL_LEGACY_PLATFORM,1,1,0.662,0.0
DIGITAL_LEGACY_VAULT,1,1,0.0,23.0
DIGITAL_LOYALTY_PLATFORM,1,1,0.0,17.0
DIGITAL_MEDIA_DISTRIBUTION,1,1,0.304,41.0
DIGITAL_PRODUCT_MARKETPLACE,1,1,0.47,41.0
DIGITAL_PRODUCT_MARKETPLACE_WITH_AFFILIATES,1,1,0.47,41.0
DIGITAL_PROVENANCE_ATTESTATION_SYSTEM,1,1,0.238,24.0
DIGITAL_REMITTANCE_SERVICE,1,1,0.0,24.0
DIGITAL_RESTAURANT_ORDERING_SYSTEM,1,1,0.0,23.0
DIGITAL_RIGHTS_MANAGEMENT_INFRASTRUCTURE,1,1,0.0,21.0
DIGITAL_RIGHTS_MANAGEMENT_PLATFORM,1,1,0.0,21.0
DIGITAL_SHRINE,1,1,0.426,35.0
DIGITAL_SIGNATURE_PLATFORM,1,1,0.616,0.0
DIGITAL_SIGNATURE_VERIFICATION_PLATFORM,1,1,0.631,0.0
DIGITAL_STORYTELLING_PLATFORM,1,1,0.516,17.0
DIGITAL_TICKETING_PROTOCOL,1,1,0.0,11.0
DIGITAL_VOTING_SYSTEM,1,1,0.688,0.0
DIRECT_DIGITAL_CONTENT_MONETIZATION_TOOL,1,1,0.505,41.0
DISCORD_COMMUNITY_ANALYTICS_PLATFORM,1,1,0.187,21.0
DISTRIBUTED_UPTIME_MONITOR,1,1,0.552,67.0
DLMM_LIQUIDITY_MANAGER,1,1,0.0,11.0
DOCUMENT_ASSISTANT,1,1,0.0,23.0
DONATION_VERIFICATION_PLATFORM,1,1,0.0,15.0
DUST_CONVERSION_UTILITY,1,1,0.753,0.0
ECOMMERCE_DISCOVERY_ENGINE,1,1,0.438,18.0
ECONOMIC_VULNERABILITY_FUZZER,1,1,0.729,27.0
ECOSYSTEM_EXPLORER,1,1,0.287,17.0
ECOSYSTEM_INTEGRATION_PLATFORM,1,1,0.159,14.0
ECOSYSTEM_REWARD_INFRASTRUCTURE,1,1,0.937,0.0
EDUCATIONAL_CONTENT_DELIVERY_PLATFORM,1,1,0.0,37.0
EDUCATIONAL_CONTENT_PLATFORM,1,1,0.0,37.0
EDUCATIONAL_GAMING_PLATFORM,1,1,0.624,167.0
EDUCATIONAL_MOBILE_GAME,1,1,0.624,167.0
EDUCATIONAL_REWARD_PLATFORM,1,1,0.0,37.0
EDUCATIONAL_SAVINGS_WALLET,1,1,0.641,37.0
ELECTRICITY_THEFT_DETECTION_SYSTEM,1,1,0.636,108.0
EMBEDDABLE_LIVE_COMMERCE_PLATFORM,1,1,0.424,41.0
EMBEDDED_FINANCE_API,1,1,0.956,0.0
EMBEDDED_SOLANA_SDK,1,1,0.758,27.0
EMBEDDED_WALLET_SOCIAL_PLATFORM,1,1,0.0,35.0
EMBEDDED_WALLET_SOLUTION,1,1,0.1,103.0
EMERGENCY_ALERT_SYSTEM,1,1,0.0,17.0
EMOTIONAL_DATA_ONCHAIN_VERIFICATION,1,1,0.58,0.0
EMOTION_DETECTION_SYSTEM,1,1,0.912,0.0
ENCRYPTED_COMPUTATION_LAYER,1,1,0.914,0.0
ENCRYPTED_DARK_POOL_DEX,1,1,0.697,17.0
ENCRYPTED_MESSAGING_WALLET,1,1,0.0,35.0
ENDLESS_RUNNER_GAME,1,1,0.064,167.0
ENDPOINT_SECURITY_AGENT,1,1,0.484,58.0
ENDPOINT_SECURITY_MONITORING,1,1,0.383,58.0
ENGAGEMENT_REWARD_PLATFORM,1,1,0.908,0.0
ENTERPRISE_FINANCIAL_PRIVACY_PROTOCOL,1,1,0.166,103.0
ENVIRONMENTAL_MONITORING_PLATFORM,1,1,0.712,108.0
EQUITY_TOKENIZATION_PLATFORM,1,1,0.345,108.0
ESCROW_AND_TRADE_SETTLEMENT_PLATFORM,1,1,0.711,80.0
ESCROW_PAYMENT_PLATFORM,1,1,0.711,80.0
ESCROW_PAYMENT_PROTOCOL,1,1,0.0,80.0
ESCROW_SERVICE,1,1,0.331,80.0
EVENT_MANAGEMENT_PLATFORM,1,1,0.0,11.0
EVENT_NETWORKING_PLATFORM,1,1,0.756,35.0
EVENT_TICKETING_PLATFORM,1,1,0.0,11.0
EXECUTION_FIREWALL,1,1,0.317,58.0
EXECUTION_INTELLIGENCE_LAYER,1,1,0.806,0.0
EXERCISE_COMPLIANCE_PLATFORM,1,1,0.0,10.0
EXPENSE_TRACKING_APPLICATION,1,1,0.0,11.0
E_COMMERCE_AGGREGATOR,1,1,0.877,80.0
E_COMMERCE_OPERATIONS_AUTOMATION,1,1,0.0,14.0
E_COMMERCE_PAYMENT_GATEWAY,1,1,0.724,0.0
E_COMMERCE_PLATFORM,1,1,0.882,80.0
FAIR_ORDERING_PROTOCOL,1,1,0.847,0.0
FAMILY_CRYPTO_WALLET,1,1,0.896,18.0
FANTASY_MMORPG,1,1,0.0,167.0
FANTASY_SPORTS_PLATFORM,1,1,0.27,139.0
FARMING_SIMULATION_GAME,1,1,0.703,167.0
FHE_ONCHAIN_PRIVACY_LAYER,1,1,0.913,0.0
FIAT_CRYPTO_EXCHANGE_TERMINAL,1,1,0.107,23.0
FIAT_CRYPTO_GATEWAY_AGGREGATOR,1,1,0.0,10.0
FIAT_CRYPTO_ON_OFF_RAMP,1,1,0.0,10.0
FIAT_ONRAMP_SERVICE,1,1,0.157,23.0
FIAT_ON_OFF_RAMP,1,1,0.474,24.0
FIAT_SETTLEMENT_PROTOCOL,1,1,0.843,0.0
FIAT_TO_CRYPTO_PAYMENT_RAIL,1,1,0.107,23.0
FIAT_TO_DEFI_GATEWAY,1,1,0.104,23.0
FIAT_TO_STABLECOIN_PAYMENT_GATEWAY,1,1,0.059,23.0
FINANCIAL_DATA_PROVENANCE_PLATFORM,1,1,0.073,21.0
FINANCIAL_EDUCATION_PLATFORM,1,1,0.712,37.0
FINANCIAL_INCENTIVIZED_HABIT_TRACKER,1,1,0.0,17.0
FINANCIAL_LITERACY_SIMULATOR,1,1,0.712,37.0
FINANCIAL_SIMULATOR,1,1,0.562,167.0
FITNESS_ECOSYSTEM_PLATFORM,1,1,0.0,10.0
FIXED_RATE_LENDING_PROTOCOL,1,1,0.436,58.0
FIXED_RATE_YIELD_MARKET,1,1,0.534,77.0
FORMAL_VERIFICATION_COMPILER,1,1,0.0,27.0
FORMAL_VERIFICATION_TOOL,1,1,0.0,27.0
FRAUD_DETECTION_PLATFORM,1,1,0.404,54.0
FREELANCER_PAYMENT_ESCROW,1,1,0.142,80.0
FREELANCE_ESCROW_PAYMENT_PLATFORM,1,1,0.635,80.0
FREELANCE_MARKETPLACE,1,1,0.0,80.0
FREELANCE_MARKETPLACE_WITH_ESCROW,1,1,0.0,80.0
FREELANCE_TASK_MARKETPLACE,1,1,0.437,80.0
FREELANCE_WORK_MANAGEMENT_PLATFORM,1,1,0.0,80.0
FUNDING_RATE_SWAP_PROTOCOL,1,1,0.056,24.0
FX_STABLECOIN_EXCHANGE,1,1,0.0,24.0
GAME_ECONOMY_PLATFORM,1,1,0.006,167.0
GAME_PUBLISHING_PLATFORM,1,1,0.0,167.0
GAME_STREAMING_PLATFORM,1,1,0.0,167.0
GAMIFIED_AI_PREDICTION_MARKET,1,1,0.631,167.0
GAMIFIED_COMMITMENT_PLATFORM,1,1,0.0,17.0
GAMIFIED_CONTENT_PLATFORM,1,1,0.516,17.0
GAMIFIED_DEFI_ASSISTANT,1,1,0.918,0.0
GAMIFIED_DEFI_PLATFORM,1,1,0.48,167.0
GAMIFIED_DEFI_PROTOCOL,1,1,0.92,0.0
GAMIFIED_DISCOVERY_APP,1,1,0.0,17.0
ZK_HEALTH_DATA_VERIFIER,1,1,0.065,28.0
GAMIFIED_FINANCIAL_EDUCATION_PLATFORM,1,1,0.712,37.0
GAMIFIED_FITNESS_REWARDS_APP,1,1,0.0,10.0
GAMIFIED_HABIT_TRACKER,1,1,0.62,17.0
GAMIFIED_HEALTH_TRACKER,1,1,0.0,10.0
GAMIFIED_IDENTITY_PLATFORM,1,1,0.011,167.0
GAMIFIED_INVENTORY_LIQUIDATION_PLATFORM,1,1,0.681,167.0
GAMIFIED_LEARNING_PLATFORM,1,1,0.712,37.0
GAMIFIED_LIVE_STREAMING_PLATFORM,1,1,0.0,167.0
ZK_DEVELOPER_CREDENTIALS,1,1,0.499,0.0
GAMIFIED_PRODUCTIVITY_APP,1,1,0.677,0.0
GAMIFIED_PROTOCOL_HUB,1,1,0.468,167.0
GAMIFIED_REWARD_POOL,1,1,0.928,0.0
GAMIFIED_REWARD_SYSTEM,1,1,0.0,17.0
GAMIFIED_SAVINGS_PROTOCOL,1,1,0.0,167.0
GAMIFIED_SECURITY_TRAINING_PLATFORM,1,1,0.712,37.0
GAMIFIED_STAKING_PROTOCOL,1,1,0.917,0.0
GAMIFIED_STARGAZING_APP,1,1,0.712,167.0
GAMIFIED_TOKEN_LAUNCHPAD,1,1,0.0,37.0
GAMIFIED_TRADING_COMPETITION,1,1,0.48,167.0
AFFILIATE_MARKETPLACE,1,1,0.47,41.0
GAMIFIED_TRADING_SIMULATOR,1,1,0.562,167.0
GAMIFIED_TRAVEL_BOOKING_PLATFORM,1,1,0.0,17.0
GAMING_APPCHAIN_FRAMEWORK,1,1,0.0,167.0
GAMING_ASSET_MARKETPLACE,1,1,0.865,80.0
GAMING_ASSET_MONETIZATION_PLATFORM,1,1,0.0,167.0
GAMING_CREDENTIAL_NETWORK,1,1,0.0,167.0
GAMING_IDENTITY_AND_AGGREGATION_PLATFORM,1,1,0.0,167.0
GAMING_LAYER_1_PLATFORM,1,1,0.54,167.0
GAMING_MARKETPLACE_WITH_REWARDS,1,1,0.0,167.0
GAS_ABSTRACTION_LAYER,1,1,0.869,0.0
GATED_CONTENT_PUBLISHING_PLATFORM,1,1,0.0,41.0
GENERATIVE_NFT_PROTOCOL,1,1,0.362,37.0
GEOSPATIAL_ANALYTICS_PLATFORM,1,1,0.712,108.0
GEOSPATIAL_RESOURCE_CONTROL_GAME,1,1,0.525,167.0
GLOBAL_PAYROLL_AND_TREASURY_PLATFORM,1,1,0.0,103.0
GLOBAL_PAYROLL_AUTOMATION_ENGINE,1,1,0.0,103.0
GOAL_BASED_SAVINGS_PROTOCOL,1,1,0.915,0.0
GOMOKU_GAME,1,1,0.0,167.0
GOVERNANCE_PROTOCOL,1,1,0.0,10.0
GOVERNANCE_SECURITY_MONITOR,1,1,0.633,58.0
GOVTECH_FINANCIAL_ENFORCEMENT_SYSTEM,1,1,0.5,0.0
GPU_COMPUTE_MARKETPLACE,1,1,0.0,18.0
GRAND_STRATEGY_PVP_GAME,1,1,0.083,167.0
GRID_BASED_PVP_STRATEGY_GAME,1,1,0.0,167.0
GROUP_BUYING_PLATFORM,1,1,0.865,80.0
GROUP_CAPITAL_POOLING_PLATFORM,1,1,0.238,37.0
GROUP_EXPENSE_MANAGER,1,1,0.903,0.0
GROUP_EXPENSE_SETTLEMENT_APP,1,1,0.903,0.0
GROUP_PAYMENT_COORDINATOR,1,1,0.903,0.0
GROUP_PAYMENT_PLATFORM,1,1,0.903,0.0
GROUP_SAVINGS_POOL,1,1,0.0,12.0
ZK_VOTING_SYSTEM,1,1,0.0,11.0
HABIT_TRACKING_ACCOUNTABILITY_SYSTEM,1,1,0.0,17.0
HARDWARE_ACCELERATED_DEFI_TRADING_ENGINE,1,1,0.85,0.0
HARDWARE_ENFORCED_PAYMENT_RAIL,1,1,0.5,52.0
HARDWARE_MANUFACTURING_FINANCING_PLATFORM,1,1,0.928,0.0
HARDWARE_SECRET_VAULT,1,1,0.0,20.0
HARDWARE_WALLET,1,1,0.0,20.0
HEALTHCARE_INCENTIVE_PROTOCOL,1,1,0.66,28.0
HEALTH_DATA_ACCESS_MANAGER,1,1,0.282,28.0
HEALTH_DATA_MANAGEMENT_PLATFORM,1,1,0.0,28.0
HEALTH_DATA_MARKETPLACE,1,1,0.0,28.0
HEALTH_INSIGHTS_AND_PREDICTION_APP,1,1,0.547,28.0
HEALTH_PREDICTION_MARKET,1,1,0.401,28.0
HEDGED_YIELD_STRATEGY_VAULT,1,1,0.0,77.0
HIERARCHICAL_RESOURCE_MANAGER,1,1,0.82,37.0
HUMAN_IN_THE_LOOP_AI_DATA_PLATFORM,1,1,0.894,0.0
HUMAN_READABLE_ADDRESS_SYSTEM,1,1,0.0,18.0
HYBRID_FINANCIAL_PLATFORM,1,1,0.0,10.0
IDE,1,1,0.218,27.0
IDENTITY_AGGREGATOR,1,1,0.446,35.0
IDENTITY_BASED_SOCIAL_NETWORK,1,1,0.195,35.0
IDENTITY_MANAGEMENT_PROTOCOL,1,1,0.176,35.0
IDENTITY_MANAGEMENT_SYSTEM,1,1,0.086,35.0
IDENTITY_REPUTATION_PROTOCOL,1,1,0.549,0.0
3D_AI_AGENT_PLATFORM,1,1,0.888,0.0
IDENTITY_VERIFICATION_SYSTEM,1,1,0.777,0.0
IDENTITY_WALLET,1,1,0.086,35.0
IDLE_CLICKER_GAME,1,1,0.064,167.0
IDLE_NFT_GAME,1,1,0.703,167.0
IDLE_RPG_GAME,1,1,0.025,167.0
IDLE_STRATEGY_GAME,1,1,0.0,167.0
IMPACT_REGISTRY_PROTOCOL,1,1,0.0,15.0
INCENTIVIZED_CONTENT_PLATFORM,1,1,0.304,41.0
INCENTIVIZED_EDUCATIONAL_CONTENT_PLATFORM,1,1,0.0,37.0
INCENTIVIZED_SOCIAL_CONTENT_PLATFORM,1,1,0.782,35.0
INCENTIVIZED_TASK_PLATFORM,1,1,0.926,0.0
INCENTIVIZED_WASTE_CLASSIFICATION_PLATFORM,1,1,0.712,108.0
INCIDENT_RESPONSE_COORDINATION_SYSTEM,1,1,0.0,17.0
INFLUENCER_MARKETING_ANALYTICS_PLATFORM,1,1,0.928,0.0
INSTALLMENT_PAYMENT_PROTOCOL,1,1,0.692,0.0
INSTANT_PAYOUT_PLATFORM,1,1,0.903,0.0
INSTITUTIONAL_DEFI_ORCHESTRATOR,1,1,0.88,0.0
INSTITUTIONAL_DEFI_PLATFORM,1,1,0.791,0.0
INSTITUTIONAL_SETTLEMENT_INFRASTRUCTURE,1,1,0.934,0.0
INSURANCE_INFRASTRUCTURE_PLATFORM,1,1,0.0,11.0
INTEGRATED_WEB3_SOCIAL_PLATFORM,1,1,0.0,35.0
INTEGRITY_VERIFICATION_PROTOCOL,1,1,0.0,16.0
INTENT_BASED_EXECUTION_ENGINE,1,1,0.576,0.0
INTENT_BASED_SWAP_PROTOCOL,1,1,0.0,11.0
INTENT_BASED_TRANSACTION_ROUTER,1,1,0.898,0.0
INTENT_LAYER,1,1,0.91,0.0
INTENT_RESOLUTION_NETWORK,1,1,0.917,0.0
INTEREST_RATE_SWAP_PROTOCOL,1,1,0.84,0.0
INVESTMENT_ACCOUNT_WITH_CREDIT_LINE,1,1,0.557,77.0
INVOICE_AND_ESCROW_PROTOCOL,1,1,0.711,80.0
INVOICE_FACTORING_MARKETPLACE,1,1,0.937,0.0
3D_ASSET_MARKETPLACE,1,1,0.916,0.0
INVOICE_TO_PAYMENT_AUTOMATION,1,1,0.589,103.0
INVOICING_AND_PAYMENT_PLATFORM,1,1,0.711,80.0
INVOICING_AND_PAYMENT_TRACKER,1,1,0.711,80.0
INVOICING_MANAGEMENT_SYSTEM,1,1,0.711,80.0
IN_CHAT_TOKEN_DISTRIBUTION_BOT,1,1,0.802,0.0
IN_GAME_ITEM_MARKETPLACE,1,1,0.865,80.0
IRL_SOCIAL_GRAPH_BUILDER,1,1,0.756,35.0
ISOLATED_LENDING_PROTOCOL,1,1,0.095,58.0
ISSUE_REPORTING_PLATFORM,1,1,0.9,0.0
KEY_VALUE_STORE,1,1,0.664,0.0
LENDING_POSITION_TOKENIZER,1,1,0.261,58.0
3D_AVATAR_AI_AGENT_PLATFORM,1,1,0.888,0.0
LEVERAGED_MULTI_ASSET_DEX,1,1,0.425,24.0
LEVERAGED_TRADING_PLATFORM,1,1,0.0,24.0
LEVERAGED_TRADING_PROTOCOL,1,1,0.183,24.0
LEVERAGED_YIELD_OPTIMIZER,1,1,0.0,77.0
ACADEMIC_CONTENT_SHARING_PLATFORM,1,1,0.0,37.0
LICENSED_DIGITAL_ASSET_MARKETPLACE,1,1,0.0,21.0
LIFESTYLE_MANAGEMENT_PLATFORM,1,1,0.151,108.0
LIQUIDATION_PROTECTION_PROTOCOL,1,1,0.867,0.0
LIQUIDITY_AGGREGATOR,1,1,0.0,11.0
LIQUIDITY_BOOTSTRAPPING_PROTOCOL,1,1,0.859,0.0
LIQUIDITY_HUB,1,1,0.0,11.0
LIQUIDITY_MANAGEMENT_DASHBOARD,1,1,0.0,11.0
LIQUIDITY_POOL_AGGREGATOR,1,1,0.37,77.0
LIQUIDITY_PROTOCOL,1,1,0.929,0.0
LIQUIDITY_REALLOCATION_LAUNCHPAD,1,1,0.0,37.0
LIQUIDITY_RISK_ANALYTICS,1,1,0.857,0.0
ACCELERATOR_LAUNCHPAD,1,1,0.0,37.0
LIQUID_STAKING_TOKEN,1,1,0.0,10.0
LIVESTOCK_ASSET_TOKENIZATION_PLATFORM,1,1,0.0,108.0
LIVE_BETTING_OVERLAY,1,1,0.0,139.0
LIVE_STREAMING_COMPETITION_PLATFORM,1,1,0.091,167.0
LIVE_STREAMING_STUDIO,1,1,0.424,41.0
LIVE_STREAM_INTERACTION_OVERLAY,1,1,0.821,80.0
LIVE_STREAM_TIPPING_PLATFORM,1,1,0.001,11.0
LIVE_TRADED_MUSIC_BATTLE_PLATFORM,1,1,0.481,41.0
LLM_APPLICATION_FRAMEWORK,1,1,0.0,27.0
LOCAL_C2C_AUCTION_MARKETPLACE,1,1,0.878,80.0
LOCAL_SERVICE_MARKETPLACE,1,1,0.717,80.0
LOCATION_BASED_AD_NETWORK,1,1,0.003,12.0
LOCATION_BASED_AR_GAME,1,1,0.722,167.0
LOCATION_BASED_DIGITAL_COLLECTIBLE_PLATFORM,1,1,0.046,21.0
LOCATION_BASED_REWARD_GAME,1,1,0.751,167.0
LOCATION_BASED_SOCIAL_GAME,1,1,0.0,17.0
LOCATION_BASED_SOCIAL_NETWORK,1,1,0.756,35.0
LOGISTICS_MANAGEMENT_PLATFORM,1,1,0.044,14.0
LOYALTY_POINT_EXCHANGE,1,1,0.814,0.0
LP_MANAGEMENT_APP,1,1,0.574,77.0
LP_MANAGEMENT_PLATFORM,1,1,0.0,11.0
LVR_MITIGATION_PROTOCOL,1,1,0.0,11.0
MACRO_INTELLIGENCE_TERMINAL,1,1,0.543,30.0
MANAGED_DEFI_INVESTMENT_PLATFORM,1,1,0.0,77.0
MARKET_DATA_ORACLE,1,1,0.073,21.0
MARKET_INTELLIGENCE_PLATFORM,1,1,0.558,30.0
MEAL_SUBSCRIPTION_PLATFORM,1,1,0.933,0.0
MEDIA_AUTHENTICATION_PLATFORM,1,1,0.243,24.0
MEDIA_PLATFORM,1,1,0.304,41.0
MEMECOIN_LAUNCHPAD_WITH_REVENUE_SHARE,1,1,0.0,37.0
MERCHANT_CRYPTO_PAYMENT_SYSTEM,1,1,0.156,18.0
MERCHANT_PAYMENT_DATA_PLATFORM,1,1,0.755,0.0
MERCHANT_PAYMENT_GATEWAY_CONFIGURATOR,1,1,0.695,0.0
MERCHANT_PAYMENT_INBOX,1,1,0.803,0.0
MERCHANT_POINT_OF_SALE,1,1,0.695,0.0
MESSAGING_APP_TRADING_INTERFACE,1,1,0.802,0.0
MESSAGING_BASED_APPROVAL_BOT,1,1,0.903,0.0
MEV_ANALYTICS_PLATFORM,1,1,0.87,0.0
MEV_BOT_INFRASTRUCTURE,1,1,0.87,0.0
MEV_CASHBACK_PROTOCOL,1,1,0.868,0.0
MEV_OBSERVABILITY_PLATFORM,1,1,0.87,0.0
MEV_PROTECTED_DEX,1,1,0.896,0.0
MEV_PROTECTED_TRADING_TERMINAL,1,1,0.87,0.0
MEV_PROTECTION_PLATFORM,1,1,0.87,0.0
ACCESSIBILITY_ASSISTANT,1,1,0.891,0.0
MICRO_INVESTMENT_PLATFORM,1,1,0.872,0.0
MICRO_INVESTMENT_PROTOCOL,1,1,0.858,0.0
MICRO_LENDING_PROTOCOL,1,1,0.0,58.0
MICRO_PAYMENT_INFRASTRUCTURE,1,1,0.0,52.0
MICRO_PAYMENT_NETWORK,1,1,0.692,0.0
MICRO_TASK_MARKETPLACE,1,1,0.492,80.0
MICRO_TASK_PLATFORM,1,1,0.865,80.0
MILESTONE_BASED_CROWDFUNDING_PLATFORM,1,1,0.0,16.0
ACCESS_CONTROL_SYSTEM,1,1,0.48,0.0
MILESTONE_BASED_FUNDING_PROTOCOL,1,1,0.37,16.0
MILESTONE_ESCROW_PLATFORM,1,1,0.112,80.0
MINING_ECOSYSTEM_HUB,1,1,0.912,0.0
ML_OPS_PLATFORM,1,1,0.0,22.0
MMORPG_GAME,1,1,0.0,167.0
MOBILE_AI_OVERLAY,1,1,0.658,0.0
MOBILE_CONNECTIVITY_SERVICE,1,1,0.0,103.0
MOBILE_DATA_AVAILABILITY_LAYER,1,1,0.913,0.0
MOBILE_DISCIPLINE_ENFORCEMENT_APP,1,1,0.0,17.0
MOBILE_MMORPG_WITH_ONCHAIN_ECONOMY,1,1,0.421,167.0
MOBILE_P2P_PAYMENT_APP,1,1,0.77,0.0
YIELD_BEARING_RWA_PLATFORM,1,1,0.0,108.0
MOBILE_PAYMENT_GATEWAY,1,1,0.156,18.0
YIELD_BEARING_TOKEN_LAUNCHPAD,1,1,0.209,77.0
MOBILE_POW_MINING_PROTOCOL,1,1,0.925,0.0
MOBILE_RUNNER_GAME_WITH_REWARDS,1,1,0.725,167.0
MOBILE_SOCIAL_TRADING_APP,1,1,0.466,35.0
MOTION_CONTROLLED_MINIGAME_COLLECTION,1,1,0.754,167.0
MOVE_TO_EARN_APP,1,1,0.0,10.0
MOVE_TO_EARN_GAME,1,1,0.0,10.0
MULTIPLAYER_CARD_GAME,1,1,0.172,167.0
MULTIPLAYER_CARD_GAME_PRIVACY_SDK,1,1,0.064,167.0
MULTISIG_SECURITY_SCANNER,1,1,0.0,58.0
MULTI_CHAIN_SECURITY_AND_PRIVACY_LAYER,1,1,0.916,0.0
MULTI_FACTOR_AUTHENTICATION_SYSTEM,1,1,0.0,20.0
MULTI_FUNCTION_CRYPTO_WALLET,1,1,0.82,0.0
MULTI_PARTY_ESCROW_PAYMENT_SYSTEM,1,1,0.3,80.0
MULTI_PARTY_PAYMENT_VAULT,1,1,0.903,0.0
MULTI_PLATFORM_FEE_AGGREGATOR,1,1,0.079,15.0
MULTI_SIG_WALLET_PROTOCOL,1,1,0.344,20.0
MUSIC_COLLABORATION_PLATFORM,1,1,0.234,41.0
MUSIC_GAMING_PLATFORM,1,1,0.234,41.0
NATURAL_CAPITAL_REGISTRY,1,1,0.599,108.0
YIELD_GENERATION_PROTOCOL,1,1,0.0,10.0
NATURAL_LANGUAGE_DEFI_ORCHESTRATOR,1,1,0.0,18.0
NATURAL_LANGUAGE_ONCHAIN_ANALYTICS,1,1,0.0,67.0
NATURAL_LANGUAGE_PAYMENT_ENGINE,1,1,0.816,0.0
NEOBANK_FINANCIAL_APP,1,1,0.79,0.0
NETWORK_HEALTH_ORACLE,1,1,0.544,67.0
NETWORK_MONITORING_DASHBOARD,1,1,0.544,67.0
NETWORK_OPTIMIZATION_LAYER,1,1,0.912,0.0
NEURO_CONTROL_SYSTEM,1,1,0.891,0.0
NEWS_AGGREGATOR_WITH_REWARDS,1,1,0.437,12.0
NFT_AUCTION_PLATFORM,1,1,0.046,21.0
NFT_BASED_ACCESS_CONTROL,1,1,0.707,0.0
NFT_COLLATERALIZED_LENDING_PLATFORM,1,1,0.095,58.0
NFT_GAMIFICATION_PLATFORM,1,1,0.701,167.0
NFT_GATED_AI_ACCESS_PROTOCOL,1,1,0.898,0.0
NFT_GATED_SOCIAL_PLATFORM,1,1,0.0,41.0
NFT_GIFTING_PLATFORM,1,1,0.046,21.0
NFT_LAUNCHPAD,1,1,0.362,37.0
NFT_PROGRAMMABILITY_PROTOCOL,1,1,0.923,0.0
NFT_PROVENANCE_SYSTEM,1,1,0.135,24.0
NFT_QR_ART_GENERATOR,1,1,0.081,21.0
NFT_SOCIAL_MARKETPLACE,1,1,0.424,41.0
NFT_STATE_MANAGEMENT_PROTOCOL,1,1,0.109,167.0
NFT_TICKETING_PLATFORM,1,1,0.0,11.0
NFT_TICKET_MARKETPLACE,1,1,0.0,11.0
NFT_TOKEN_LAUNCHPAD,1,1,0.362,37.0
NFT_TRADING_CARD_GAME,1,1,0.0,167.0
NFT_YIELD_MARKETPLACE,1,1,0.26,77.0
NON_CUSTODIAL_INHERITANCE_VAULT,1,1,0.0,18.0
NON_CUSTODIAL_INVESTMENT_VAULT,1,1,0.483,77.0
NON_CUSTODIAL_PAYMENTS_WALLET,1,1,0.805,0.0
NON_CUSTODIAL_PAYMENT_LINK,1,1,0.0,18.0
NON_CUSTODIAL_WALLET,1,1,0.0,20.0
NO_CODE_AUTOMATION_PLATFORM,1,1,0.852,0.0
NO_CODE_GAME_BUILDER,1,1,0.67,27.0
NO_CODE_GAME_CREATION_PLATFORM,1,1,0.0,167.0
NO_CODE_NFT_LAUNCHPAD,1,1,0.362,37.0
NO_CODE_TOKEN_LAUNCHPAD,1,1,0.362,37.0
NUMBER_PICKING_BETTING_GAME,1,1,0.537,167.0
OBSTACLE_AVOIDANCE_ARCADE_GAME,1,1,0.624,167.0
OFFCHAIN_PRIVACY_LAYER,1,1,0.023,103.0
OFFLINE_FIRST_PAYMENT_NETWORK,1,1,0.82,0.0
OFFLINE_P2P_PAYMENT_NETWORK,1,1,0.848,0.0
OFFLINE_PAYMENT_APP,1,1,0.82,0.0
OFFLINE_SOLANA_TRANSACTION_RELAY,1,1,0.848,0.0
OFFLINE_SYSTEMS_EDUCATION_PLATFORM,1,1,0.318,37.0
OFFLINE_TRANSACTION_LAYER,1,1,0.848,0.0
OFFLINE_TRANSACTION_RELAY_SDK,1,1,0.848,0.0
ONCHAIN_ACCOUNTING_SYSTEM,1,1,0.073,21.0
ONCHAIN_ACTIVITY_MONITOR,1,1,0.169,67.0
ONCHAIN_ADVERTISING_PLATFORM,1,1,0.0,12.0
ONCHAIN_AGENT_INFRASTRUCTURE,1,1,0.0,19.0
ONCHAIN_AI_AGENT_PERMISSION_MANAGER,1,1,0.459,0.0
ONCHAIN_AI_AGENT_SPEND_CONTROL,1,1,0.448,27.0
YIELD_OPTIMIZATION_VAULT,1,1,0.209,77.0
ONCHAIN_ASSESSMENT_PLATFORM,1,1,0.751,0.0
ONCHAIN_ASSET_COLLATERAL_VERIFICATION,1,1,0.636,108.0
ONCHAIN_ASSET_COMPOSITION_PROTOCOL,1,1,0.64,17.0
ONCHAIN_ASSET_MANAGEMENT_PLATFORM,1,1,0.083,77.0
ONCHAIN_AUDIT_LOG_ENGINE,1,1,0.059,23.0
ONCHAIN_AUTOMATION_AGENT,1,1,0.652,0.0
ONCHAIN_AUTOMATION_AGENT_PLATFORM,1,1,0.0,19.0
YIELD_OPTIMIZER,1,1,0.0,10.0
ONCHAIN_BEHAVIORAL_ANALYTICS_ENGINE,1,1,0.606,67.0
ONCHAIN_BEHAVIORAL_ANALYTICS_PLATFORM,1,1,0.528,30.0
ONCHAIN_BILLING_AND_PAYMENT_PROTOCOL,1,1,0.0,17.0
ONCHAIN_BILLING_AND_RECONCILIATION_PLATFORM,1,1,0.894,0.0
ONCHAIN_BILLING_INFRASTRUCTURE,1,1,0.0,17.0
ONCHAIN_CARBON_OFFSET_REGISTRY,1,1,0.468,108.0
ONCHAIN_CERTIFICATION_PLATFORM,1,1,0.414,37.0
ONCHAIN_CHALLENGE_PLATFORM,1,1,0.034,167.0
ONCHAIN_COLLECTIBLE_CARD_GAME,1,1,0.0,167.0
ONCHAIN_COMMITMENT_DATING_APP,1,1,0.756,35.0
ONCHAIN_COMMUNITY_ENERGY_MANAGEMENT_PROTOCOL,1,1,0.636,108.0
ONCHAIN_COMPLIANCE_INFRASTRUCTURE,1,1,0.804,0.0
ONCHAIN_COMPLIANCE_VERIFICATION,1,1,0.522,0.0
ONCHAIN_COMPLIANCE_VERIFIER,1,1,0.882,0.0
ONCHAIN_COUNTERPARTY_VERIFICATION,1,1,0.928,0.0
ONCHAIN_CREDENTIAL_PLATFORM,1,1,0.891,0.0
ONCHAIN_CREDIT_PROTOCOL,1,1,0.104,58.0
ONCHAIN_CREDIT_SCORING_ENGINE,1,1,0.413,58.0
ONCHAIN_CREDIT_SCORING_FOR_FORECASTERS,1,1,0.207,139.0
ONCHAIN_CREDIT_SCORING_LENDING,1,1,0.0,58.0
ONCHAIN_CREDIT_SCORING_PLATFORM,1,1,0.0,58.0
YIELD_STRATEGY_BUILDER,1,1,0.209,77.0
ONCHAIN_DATA_ANALYTICS_DASHBOARD,1,1,0.544,67.0
ONCHAIN_DATA_INTERPRETER,1,1,0.583,67.0
ONCHAIN_DATA_STORAGE_PROTOCOL,1,1,0.0,23.0
ONCHAIN_DEVELOPER_EDUCATION,1,1,0.712,37.0
ONCHAIN_DEVICE_LIFECYCLE_MANAGER,1,1,0.473,28.0
ONCHAIN_DISPUTE_RESOLUTION_PROTOCOL,1,1,0.0,14.0
ONCHAIN_DOCUMENT_NOTARIZATION,1,1,0.0,24.0
ONCHAIN_DUE_DILIGENCE_PLATFORM,1,1,0.791,0.0
ONCHAIN_EDUCATIONAL_ARCHIVE,1,1,0.0,37.0
ONCHAIN_EQUITY_MANAGEMENT_PLATFORM,1,1,0.248,37.0
ONCHAIN_EQUITY_PLATFORM,1,1,0.238,37.0
ONCHAIN_ESCROW_RENTAL_MARKETPLACE,1,1,0.405,80.0
ONCHAIN_ESCROW_SERVICE,1,1,0.221,80.0
ONCHAIN_ESG_VERIFICATION_PLATFORM,1,1,0.812,108.0
ONCHAIN_ETF_PLATFORM,1,1,0.79,0.0
ONCHAIN_EVENT_MANAGEMENT_AND_PRIZE_DISTRIBUTION,1,1,0.0,10.0
ONCHAIN_EXECUTION_GOVERNANCE,1,1,0.865,0.0
ONCHAIN_FINANCIAL_REPORTING,1,1,0.0,21.0
ONCHAIN_FITNESS_VERIFICATION_APP,1,1,0.0,10.0
ONCHAIN_FORENSICS_PLATFORM,1,1,0.624,67.0
ONCHAIN_FORENSICS_TOOL,1,1,0.624,67.0
ONCHAIN_FRAUD_DETECTION,1,1,0.637,67.0
YIELD_VAULT,1,1,0.411,77.0
ONCHAIN_FRAUD_DETECTOR,1,1,0.0,58.0
ONCHAIN_FUNDRAISING_PLATFORM,1,1,0.0,16.0
ONCHAIN_FUND_MANAGEMENT_PLATFORM,1,1,0.812,0.0
ONCHAIN_GAMBLING_GAME,1,1,0.601,167.0
ONCHAIN_GAMIFIED_ONBOARDING_PLATFORM,1,1,0.0,167.0
ONCHAIN_GOVERNANCE_PLATFORM,1,1,0.688,0.0
ONCHAIN_IDENTITY_GENERATOR,1,1,0.62,0.0
ONCHAIN_IDENTITY_MANAGEMENT_SYSTEM,1,1,0.086,35.0
ONCHAIN_IDENTITY_ONBOARDING_GATEWAY,1,1,0.319,35.0
ONCHAIN_IDENTITY_PROVIDER,1,1,0.086,35.0
ZERO_SLIPPAGE_DEX,1,1,0.301,24.0
ONCHAIN_IDENTITY_REPUTATION_SYSTEM,1,1,0.086,35.0
ONCHAIN_IDENTITY_VISUALIZER,1,1,0.929,0.0
ONCHAIN_IMPACT_INCENTIVE_PLATFORM,1,1,0.0,15.0
ONCHAIN_IMPACT_VERIFICATION_PLATFORM,1,1,0.0,15.0
ONCHAIN_INCENTIVE_PLATFORM,1,1,0.95,0.0
ONCHAIN_INHERITANCE_PROTOCOL,1,1,0.0,18.0
ZK_AUCTION_PROTOCOL,1,1,0.0,17.0
ONCHAIN_INSURANCE_SETTLEMENT_PROTOCOL,1,1,0.0,11.0
ONCHAIN_INSURANCE_VERIFIER,1,1,0.0,11.0
ONCHAIN_INTELLIGENCE_PLATFORM,1,1,0.0,21.0
ONCHAIN_INVESTIGATION_TOOL,1,1,0.624,67.0
ONCHAIN_INVOICING_AND_CONTRACTS,1,1,0.711,80.0
ONCHAIN_INVOICING_PLATFORM,1,1,0.711,80.0
ONCHAIN_IP_ENFORCEMENT_AGENT,1,1,0.05,23.0
ONCHAIN_IP_GOVERNANCE_PLATFORM,1,1,0.05,23.0
ONCHAIN_LEADERBOARD_GAME,1,1,0.0,167.0
ONCHAIN_LEARNING_PLATFORM,1,1,0.467,37.0
ONCHAIN_LOCAL_COMMERCE_PROTOCOL,1,1,0.845,108.0
ONCHAIN_LOGIC_BUILDER,1,1,0.0,27.0
ONCHAIN_LOOT_BASED_GAME,1,1,0.0,167.0
ONCHAIN_LOTTERY_GAME,1,1,0.0,167.0
ONCHAIN_LOTTERY_PLATFORM,1,1,0.0,167.0
ONCHAIN_LOTTERY_PROTOCOL,1,1,0.0,167.0
ONCHAIN_LOYALTY_PAYMENT_SYSTEM,1,1,0.241,15.0
ONCHAIN_MERCH_INFRASTRUCTURE,1,1,0.604,0.0
ONCHAIN_MESSAGE_BOARD,1,1,0.399,35.0
ONCHAIN_MESSAGING_APP,1,1,0.0,35.0
ONCHAIN_OBSERVABILITY_PLATFORM,1,1,0.239,67.0
ONCHAIN_OPERATIONAL_SECURITY_GATEWAY,1,1,0.0,58.0
ONCHAIN_OPTIONS_MARKETPLACE,1,1,0.0,10.0
ONCHAIN_OPTIONS_PLATFORM,1,1,0.0,10.0
ONCHAIN_OPTIONS_TRADING_PLATFORM,1,1,0.0,10.0
ONCHAIN_ORDERBOOK_DEX,1,1,0.301,24.0
ONCHAIN_ORDERBOOK_EXCHANGE,1,1,0.301,24.0
ONCHAIN_PAYMENT_ANALYTICS,1,1,0.803,0.0
ONCHAIN_PAYMENT_GATEWAY,1,1,0.703,0.0
ONCHAIN_PAYMENT_MANDATE_SYSTEM,1,1,0.691,103.0
ZK_COMPILER,1,1,0.0,11.0
ONCHAIN_PAYMENT_SETTLEMENT,1,1,0.727,80.0
ONCHAIN_PAYMENT_WORKFLOW,1,1,0.634,80.0
ONCHAIN_PAYROLL_SYSTEM,1,1,0.0,103.0
ONCHAIN_PERFORMANCE_MARKETING_PLATFORM,1,1,0.835,0.0
ONCHAIN_POLICY_ENFORCEMENT,1,1,0.034,16.0
ZK_COMPLIANCE_INFRASTRUCTURE,1,1,0.0,11.0
ZK_COMPRESSION_TOOLKIT,1,1,0.758,27.0
ONCHAIN_PRIVATE_PAYROLL_SYSTEM,1,1,0.0,103.0
ONCHAIN_PRIZE_DISTRIBUTION_GAME,1,1,0.064,167.0
ONCHAIN_PROCUREMENT_MARKETPLACE,1,1,0.0,17.0
ONCHAIN_PRODUCT_ANALYTICS,1,1,0.239,67.0
ONCHAIN_PRODUCT_CLAIM_VERIFICATION_MARKET,1,1,0.187,139.0
ONCHAIN_PROFESSIONAL_IDENTITY_NETWORK,1,1,0.549,0.0
ONCHAIN_PROOF_GENERATOR,1,1,0.907,0.0
ONCHAIN_PROPERTY_MANAGEMENT_PROTOCOL,1,1,0.139,108.0
ONCHAIN_PROPERTY_REGISTRY,1,1,0.62,108.0
ONCHAIN_PROVABLY_FAIR_GAME,1,1,0.65,167.0
ONCHAIN_QUESTING_PLATFORM,1,1,0.034,167.0
ONCHAIN_RAFFLE_PLATFORM,1,1,0.0,167.0
ONCHAIN_RAFFLE_PROTOCOL,1,1,0.0,167.0
ONCHAIN_RECEIVABLES_FINANCING,1,1,0.911,0.0
ONCHAIN_RECRUITMENT_ATTRIBUTION_PROTOCOL,1,1,0.549,0.0
ONCHAIN_REPUTATION_PROTOCOL,1,1,0.549,0.0
ZK_CONCENTRATED_LIQUIDITY_PROTOCOL,1,1,0.534,103.0
ONCHAIN_RESEARCH_VERIFICATION,1,1,0.603,0.0
ONCHAIN_RIDE_HAILING_PLATFORM,1,1,0.933,0.0
ONCHAIN_RISK_ANALYTICS_PLATFORM,1,1,0.572,67.0
ONCHAIN_RISK_ASSESSMENT_PLATFORM,1,1,0.872,0.0
ONCHAIN_RISK_ASSESSMENT_TOOL,1,1,0.527,54.0
ONCHAIN_RWA_EXCHANGE,1,1,0.517,108.0
ONCHAIN_SECURITY_ALERT_SYSTEM,1,1,0.633,58.0
ONCHAIN_SECURITY_FIREWALL,1,1,0.0,58.0
ONCHAIN_SECURITY_GATEWAY,1,1,0.865,0.0
ONCHAIN_SECURITY_SCANNER,1,1,0.0,54.0
ONCHAIN_SKILL_ARCADE_PLATFORM,1,1,0.308,167.0
ONCHAIN_SOCIAL_NETWORK,1,1,0.0,35.0
ONCHAIN_SOCIAL_SAVINGS_POOL,1,1,0.0,12.0
ONCHAIN_STATIC_SITE_HOSTING,1,1,0.274,24.0
ONCHAIN_SUBSCRIPTION_BILLING_PLATFORM,1,1,0.0,17.0
ONCHAIN_SUBSCRIPTION_PROTOCOL,1,1,0.0,17.0
ONCHAIN_SUPPLY_CHAIN_TRACEABILITY,1,1,0.0,24.0
ONCHAIN_SUPPLY_CHAIN_TRACKING,1,1,0.0,24.0
ZK_CREDIT_ASSESSMENT_PROTOCOL,1,1,0.0,10.0
ONCHAIN_TAX_AUTOMATION_PROTOCOL,1,1,0.027,17.0
ZK_CREDIT_SCORING_PROTOCOL,1,1,0.095,58.0
ONCHAIN_TICKETING_PLATFORM,1,1,0.0,11.0
ONCHAIN_TOURNAMENT_PLATFORM,1,1,0.629,167.0
ONCHAIN_TRADING_AUTOMATION_PLATFORM,1,1,0.799,0.0
ONCHAIN_TRADING_CARD_GAME,1,1,0.287,167.0
ONCHAIN_TRADING_EXECUTION_ENGINE,1,1,0.814,0.0
ONCHAIN_TRADING_LIVE_STREAMING_PLATFORM,1,1,0.424,41.0
ONCHAIN_TRADING_PLATFORM,1,1,0.806,0.0
ONCHAIN_TRADING_SIGNALER,1,1,0.669,54.0
ONCHAIN_TRADING_TERMINAL,1,1,0.427,30.0
ONCHAIN_TRANSACTION_EXPLAINER,1,1,0.656,67.0
ONCHAIN_TRANSACTION_INTERPRETER,1,1,0.594,67.0
ONCHAIN_TRANSPARENCY_PROTOCOL,1,1,0.276,15.0
ONCHAIN_TREASURE_HUNT_GAME,1,1,0.064,167.0
ONCHAIN_TREASURY_MANAGEMENT_PLATFORM,1,1,0.874,0.0
ACTION_ADVENTURE_GAME,1,1,0.0,167.0
ONCHAIN_TREASURY_OS,1,1,0.874,0.0
ONCHAIN_TTRPG_ENTRY_LOOP,1,1,0.0,167.0
AGENT_DEFI_PRIVACY_LAYER,1,1,0.75,103.0
ONCHAIN_VOTING_SYSTEM,1,1,0.688,0.0
ONCHAIN_WAGERING_GAME,1,1,0.508,167.0
ONCHAIN_ZK_BATTLESHIP_GAME,1,1,0.0,167.0
ONLINE_MARKETPLACE,1,1,0.877,80.0
ON_DEMAND_STAFFING_MARKETPLACE,1,1,0.844,108.0
OPEN_SOURCE_PROJECT_DISCOVERY_PLATFORM,1,1,0.931,0.0
OPEN_SOURCE_TOKENIZATION_PLATFORM,1,1,0.931,0.0
OPTIMISTIC_ORACLE,1,1,0.55,0.0
OPTIONS_PROTOCOL,1,1,0.0,10.0
OPTIONS_YIELD_PROTOCOL,1,1,0.0,10.0
ORACLE_BASED_DEX,1,1,0.0,24.0
ORACLE_NETWORK,1,1,0.559,0.0
ORDERBOOK_DEX_WITH_MAKER_PROTECTION,1,1,0.301,24.0
ORDERBOOK_EXCHANGE,1,1,0.301,24.0
OTC_TRADING_PROTOCOL,1,1,0.731,0.0
P2P_CASH_DELIVERY_NETWORK,1,1,0.0,10.0
P2P_COMMERCE_PROTOCOL,1,1,0.405,80.0
AGENT_DEVELOPMENT_PLATFORM,1,1,0.0,19.0
P2P_ENERGY_MARKETPLACE,1,1,0.636,108.0
P2P_EXCHANGE,1,1,0.735,0.0
P2P_FIAT_GATEWAY,1,1,0.0,10.0
P2P_FIAT_ON_OFF_RAMP,1,1,0.833,0.0
P2P_GOODS_MARKETPLACE,1,1,0.865,80.0
AGENT_FINANCIAL_ORCHESTRATOR,1,1,0.0,11.0
P2P_OTC_TRADING_PLATFORM,1,1,0.0,18.0
P2P_PAYMENTS_APP,1,1,0.786,0.0
P2P_PAYMENT_WALLET,1,1,0.79,0.0
P2P_STABLECOIN_PAYMENT_NETWORK,1,1,0.549,24.0
P2P_WAGERING_GAME,1,1,0.455,167.0
PAID_MESSAGING_APP,1,1,0.0,35.0
PARAMETRIC_INSURANCE_PLATFORM,1,1,0.0,11.0
PARAMETRIC_INSURANCE_PROTOCOL,1,1,0.0,11.0
PARAMETRIC_RISK_MANAGEMENT_PROTOCOL,1,1,0.819,0.0
PARLAY_PREDICTION_MARKET_LAYER,1,1,0.294,139.0
PASSKEY_WALLET,1,1,0.0,20.0
PATIENT_HEALTH_RECORD_MANAGER,1,1,0.0,28.0
PATIENT_MONITORING_SYSTEM,1,1,0.539,28.0
PAYMASTER_INFRASTRUCTURE,1,1,0.843,0.0
PAYMENT_AND_REWARD_ECOSYSTEM,1,1,0.749,103.0
PAYMENT_AUTOMATION_PLATFORM,1,1,0.0,17.0
PAYMENT_DISTRIBUTION_TOOL,1,1,0.803,0.0
PAYMENT_GATED_ACCESS_PLATFORM,1,1,0.806,0.0
AGENT_NOTIFICATION_SERVICE,1,1,0.836,0.0
AGENT_PAYMENT_RAIL,1,1,0.496,52.0
PAYMENT_INFRASTRUCTURE,1,1,0.692,0.0
PAYMENT_INTEGRATION_SDK,1,1,0.836,0.0
AGENT_PAYMENT_VERIFICATION_LAYER,1,1,0.724,80.0
PAYMENT_MARKETPLACE,1,1,0.0,23.0
PAYMENT_NETWORK,1,1,0.797,0.0
PAYMENT_PROCESSING_API,1,1,0.773,0.0
PAYMENT_PROTOCOL_INFRASTRUCTURE,1,1,0.0,103.0
PAYMENT_ROUTING_PROTOCOL,1,1,0.027,17.0
PAYMENT_SAFETY_ROUTER,1,1,0.417,54.0
PAYMENT_SPLITTING_APP,1,1,0.903,0.0
PAYMENT_VERIFICATION_LAYER,1,1,0.876,0.0
PAYROLL_OPERATIONS_PLATFORM,1,1,0.0,103.0
PAYROLL_PLATFORM,1,1,0.0,103.0
PAYROLL_PROTOCOL,1,1,0.49,103.0
PAYWALLED_CONTENT_PUBLISHING_PLATFORM,1,1,0.0,41.0
PERFORMANCE_BASED_PVP_GAME,1,1,0.65,167.0
PERMISSIONLESS_MARKETPLACE,1,1,0.918,0.0
PERMISSIONLESS_PERPETUAL_EXCHANGE,1,1,0.0,24.0
PERPETUALS_TRADING_TERMINAL,1,1,0.851,0.0
PERPETUAL_EXCHANGE,1,1,0.301,24.0
AGENT_REPUTATION_SYSTEM,1,1,0.763,0.0
PERPETUAL_FUTURES_EXCHANGE_FOR_PREDICTION_MARKETS,1,1,0.843,0.0
PERPETUAL_FUTURES_PROTOCOL,1,1,0.0,24.0
PERPS_AUTOMATION_LAYER,1,1,0.829,0.0
PERSONALIZED_INFORMATION_AUDITOR,1,1,0.0,15.0
PERSONAL_FINANCE_MANAGER,1,1,0.0,11.0
PERSONAL_FINANCE_TRACKER,1,1,0.0,11.0
PERSONAL_RISK_PREDICTION_MARKET_INTERFACE,1,1,0.684,139.0
PET_IDENTITY_SYSTEM,1,1,0.64,0.0
PHARMACEUTICAL_AUTHENTICATION_PLATFORM,1,1,0.732,0.0
PHISHING_DETECTION_SYSTEM,1,1,0.0,17.0
PHYSICAL_ASSET_AUTHENTICATION_SYSTEM,1,1,0.0,24.0
PHYSICAL_ASSET_VERIFICATION_ORACLE,1,1,0.62,108.0
PHYSICAL_DATA_NETWORK,1,1,0.712,108.0
PLANETARY_SPATIAL_INDEXING_PROTOCOL,1,1,0.955,0.0
PLAYER_REFERRAL_GAME_DISTRIBUTION,1,1,0.0,167.0
PLAY_TO_EARN_GAME,1,1,0.133,167.0
POP_CULTURE_GUESSING_GAME,1,1,0.064,167.0
PORTFOLIO_ANALYTICS_DASHBOARD,1,1,0.0,67.0
PORTFOLIO_MANAGEMENT_PLATFORM,1,1,0.0,77.0
PORTFOLIO_PROTECTION_PROTOCOL,1,1,0.868,0.0
PQC_WALLET_SECURITY_PROTOCOL,1,1,0.344,20.0
AGENT_RESOURCE_PROVISIONING_SYSTEM,1,1,0.71,0.0
AGENT_SPENDING_FIREWALL,1,1,0.394,27.0
PREDICTION_MARKET_ARBITRAGE_VAULT,1,1,0.01,77.0
PREDICTION_MARKET_ASSISTANT,1,1,0.792,0.0
PREDICTION_MARKET_COPY_TRADER,1,1,0.785,0.0
PREDICTION_MARKET_COPY_TRADING_BOT,1,1,0.785,0.0
PREDICTION_MARKET_DERIVATIVES_PLATFORM,1,1,0.0,139.0
PREDICTION_MARKET_FUND,1,1,0.796,0.0
PREDICTION_MARKET_INFRASTRUCTURE_PROTOCOL,1,1,0.0,139.0
PREDICTION_MARKET_INTEGRATED_VIDEO_PLATFORM,1,1,0.623,139.0
PREDICTION_MARKET_INTELLIGENCE_PLATFORM,1,1,0.633,139.0
PREDICTION_MARKET_INTERFACE,1,1,0.516,139.0
PREDICTION_MARKET_LAUNCHPAD,1,1,0.0,37.0
PREDICTION_MARKET_LEVERAGE_PROTOCOL,1,1,0.0,139.0
PREDICTION_MARKET_ORACLE,1,1,0.0,139.0
PREDICTION_MARKET_SDK,1,1,0.0,139.0
PREDICTION_MARKET_TRADING_PLATFORM,1,1,0.0,139.0
AGENT_SPEND_FIREWALL,1,1,0.394,27.0
PREDICTION_MARKET_YIELD_ENHANCER,1,1,0.0,10.0
PREDICTIVE_ANALYTICS_ENGINE,1,1,0.0,139.0
PREDICTIVE_MONITORING_TOOL,1,1,0.0,58.0
PRE_MARKET_TOKEN_TRADING_PLATFORM,1,1,0.385,37.0
PRE_TRANSACTION_SECURITY_SCANNER,1,1,0.064,54.0
PRIVACY_BANKING_INTERFACE,1,1,0.093,103.0
PRIVACY_ENHANCED_WALLET,1,1,0.344,20.0
PRIVACY_ENHANCING_FINANCIAL_BOT,1,1,0.953,0.0
PRIVACY_ENHANCING_MULTISIG,1,1,0.174,103.0
PRIVACY_PRESERVING_ECOMMERCE_PLATFORM,1,1,0.933,0.0
PRIVACY_PRESERVING_PREDICTION_MARKET,1,1,0.0,139.0
PRIVACY_ROUTING_PROTOCOL,1,1,0.558,103.0
PRIVACY_WALLET,1,1,0.52,103.0
PRIVATE_ASSET_EXCHANGE,1,1,0.0,17.0
PRIVATE_AUCTION_MARKETPLACE,1,1,0.0,17.0
PRIVATE_BILLING_SYSTEM,1,1,0.226,103.0
PRIVATE_BLOCKCHAIN_FRAMEWORK,1,1,0.912,0.0
PRIVATE_BOUNTY_PAYOUT_SYSTEM,1,1,0.166,103.0
PRIVATE_CREDIT_PROTOCOL,1,1,0.095,58.0
PRIVATE_DAO_TREASURY_MANAGER,1,1,0.22,103.0
PRIVATE_DEFI_HUB,1,1,0.82,0.0
PRIVATE_ENTERPRISE_PAYMENT_SYSTEM,1,1,0.356,103.0
PRIVATE_FINANCIAL_OPERATIONS_PLATFORM,1,1,0.355,103.0
PRIVATE_FINANCIAL_OS,1,1,0.058,103.0
PRIVATE_HEALTH_MONITORING_DAPP,1,1,0.008,28.0
PRIVATE_INTENT_LIQUIDITY_PROTOCOL,1,1,0.0,11.0
PRIVATE_LIQUIDITY_NETWORK,1,1,0.866,0.0
PRIVATE_ORDER_ROUTER,1,1,0.0,139.0
PRIVATE_PAYMENT_AGGREGATOR,1,1,0.335,103.0
AGENT_TRANSACTION_POLICY_ENGINE,1,1,0.599,0.0
PRIVATE_PAYMENT_PROFILE,1,1,0.786,103.0
AGRICULTURAL_FINANCE_PLATFORM,1,1,0.448,108.0
PRIVATE_PAYMENT_RELAY,1,1,0.0,103.0
PRIVATE_PAYROLL_INFRASTRUCTURE,1,1,0.011,103.0
PRIVATE_PAYROLL_PROTOCOL,1,1,0.0,103.0
PRIVATE_PAYROLL_STREAMING_PROTOCOL,1,1,0.279,103.0
AIR_GAPPED_SIGNER,1,1,0.0,20.0
PRIVATE_PROCUREMENT_PLATFORM,1,1,0.0,17.0
PRIVATE_RECEIVABLES_PLATFORM,1,1,0.595,103.0
PRIVATE_REMITTANCE_PLATFORM,1,1,0.766,0.0
PRIVATE_RFQ_AUCTION,1,1,0.142,17.0
PRIVATE_TIPPING_PROTOCOL,1,1,0.0,11.0
PRIVATE_TRADING_VENUE,1,1,0.823,0.0
AI_ADVERTISING_PLATFORM,1,1,0.0,12.0
PRIVATE_TRANSACTION_PROTOCOL,1,1,0.669,103.0
PRIVATE_TRANSACTION_ROUTER,1,1,0.0,103.0
PRIVATE_TREASURY_SYSTEM,1,1,0.166,103.0
PRIVATE_WEALTH_MANAGEMENT_PROTOCOL,1,1,0.0,103.0
PRIVATE_YIELD_PROTOCOL,1,1,0.429,77.0
AI_AD_EXCHANGE_PROTOCOL,1,1,0.0,12.0
PRODUCT_ANALYTICS_PLATFORM,1,1,0.0,67.0
AI_AGENT_ACCOUNTABILITY_PROTOCOL,1,1,0.7,0.0
PRODUCT_PROVENANCE_TRACKER,1,1,0.0,24.0
PROFESSIONAL_CREDENTIAL_VERIFICATION,1,1,0.0,11.0
AI_AGENT_API_PAYMENT_GATEWAY,1,1,0.039,52.0
PROGRAMMABLE_CHECKOUT_INFRASTRUCTURE,1,1,0.867,0.0
AI_AGENT_ATTESTATION_LAYER,1,1,0.0,16.0
PROGRAMMABLE_ESCROW_SETTLEMENT,1,1,0.743,80.0
PROGRAMMABLE_INCOME_ROUTER,1,1,0.027,17.0
PROGRAMMABLE_NETWORK_ACCESS_API,1,1,0.487,52.0
PROGRAMMABLE_PAYMENT_APP,1,1,0.0,17.0
PROGRAMMABLE_PAYMENT_INFRASTRUCTURE,1,1,0.886,0.0
AI_AGENT_AUDIT_TRAIL,1,1,0.48,0.0
PROGRAMMABLE_PAYMENT_RAIL,1,1,0.107,23.0
PROGRAMMABLE_PAYROLL_PLATFORM,1,1,0.0,103.0
PROGRAMMABLE_PRIVACY_LAYER,1,1,0.568,103.0
PROGRAMMABLE_WALLET,1,1,0.6,0.0
PROGRAMMATIC_AD_NETWORK,1,1,0.0,12.0
PROGRAMMATIC_AGENT_PLATFORM,1,1,0.0,19.0
PROGRAMMATIC_CROSSCHAIN_SIGNER,1,1,0.882,0.0
PROGRAMMATIC_SECURITY_ENGINE,1,1,0.865,0.0
PROGRAM_DEPLOYMENT_TOOL,1,1,0.921,0.0
PROGRAM_INTERFACE_LAYER,1,1,0.912,0.0
PROGRAM_OBSERVABILITY_PLATFORM,1,1,0.239,67.0
PROGRAM_RISK_ASSESSMENT_ENGINE,1,1,0.633,58.0
PROOF_OF_CONTRIBUTION_SYSTEM,1,1,0.737,0.0
PROOF_OF_EFFORT_CREDENTIALER,1,1,0.549,0.0
PROOF_OF_HUMANITY_INFRASTRUCTURE,1,1,0.0,35.0
PROOF_OF_HUMANITY_PROTOCOL,1,1,0.0,35.0
PROOF_OF_OUTCOME_SETTLEMENT_PROTOCOL,1,1,0.91,0.0
AI_AGENT_AUTHORIZATION_LAYER,1,1,0.543,0.0
PROOF_OF_PERSONHOOD_SYSTEM,1,1,0.0,35.0
PROPERTY_LISTING_PLATFORM,1,1,0.139,108.0
PROPRIETARY_TRADING_FIRM,1,1,0.817,0.0
PROP_TRADING_PLATFORM,1,1,0.817,0.0
PROTECTED_YIELD_VAULT,1,1,0.338,77.0
PROTOCOL_ECONOMICS_FRAMEWORK,1,1,0.942,0.0
PROTOCOL_GOVERNANCE_MONITOR,1,1,0.082,58.0
PROTOCOL_RISK_MONITORING_SYSTEM,1,1,0.633,58.0
PROTOCOL_SIMULATION_ENGINE,1,1,0.448,0.0
PROTOCOL_SIMULATION_FRAMEWORK,1,1,0.909,0.0
AI_AGENT_AUTOMATION_PLATFORM,1,1,0.0,18.0
PVE_ADVENTURE_GAME,1,1,0.0,167.0
PVE_NFT_BATTLE_GAME,1,1,0.0,167.0
PVP_ARCADE_GAME,1,1,0.0,167.0
PVP_ARENA_GAME,1,1,0.0,167.0
PVP_CARD_GAME,1,1,0.0,167.0
PVP_GAMING_PLATFORM,1,1,0.0,167.0
PVP_KNOWLEDGE_GAME,1,1,0.585,167.0
PVP_RPG_GAME,1,1,0.0,167.0
PVP_SHOOTER_GAME,1,1,0.467,167.0
PVP_SKILL_WAGERING_GAME,1,1,0.0,167.0
PVP_TRADING_GAME,1,1,0.48,167.0
QR_CODE_CRYPTO_PAYMENT_ADAPTER,1,1,0.0,23.0
QR_CODE_PAYMENT_GATEWAY,1,1,0.0,23.0
QUANTUM_SAFE_ACCOUNT_ABSTRACTION_LAYER,1,1,0.344,20.0
QUANTUM_SAFE_CROSS_CHAIN_BRIDGE,1,1,0.344,20.0
QUANT_STRATEGY_MARKETPLACE,1,1,0.395,77.0
QUANT_TRADING_DESK,1,1,0.395,77.0
QUANT_TRADING_VAULT,1,1,0.307,77.0
RANDOM_ENTERTAINMENT_GAME,1,1,0.455,167.0
REALITY_DATA_PROVENANCE_SYSTEM,1,1,0.238,24.0
REALITY_VERIFICATION_PROTOCOL,1,1,0.626,0.0
REALTIME_ACCIDENT_DETECTION_SYSTEM,1,1,0.958,0.0
REALTIME_BIDDING_COMPETITION,1,1,0.0,167.0
REALTIME_ONCHAIN_DATA_VISUALIZER,1,1,0.186,67.0
REALTIME_TRADING_SIGNAL_GENERATOR,1,1,0.558,30.0
REAL_ESTATE_FRACTIONALIZATION_PROTOCOL,1,1,0.0,108.0
REAL_ESTATE_MARKETPLACE,1,1,0.139,108.0
REAL_TIME_DATA_INDEXER,1,1,0.869,0.0
REAL_TIME_INTERACTIVE_GAMING_ECOSYSTEM,1,1,0.0,167.0
REAL_TIME_MONITORING_AND_ALERTING_SYSTEM,1,1,0.539,28.0
REAL_TIME_PVP_CARD_GAME,1,1,0.38,167.0
REAL_TIME_TOKEN_ANALYTICS,1,1,0.858,0.0
REAL_WORLD_ASSET_EXCHANGE,1,1,0.517,108.0
REAL_WORLD_ASSET_INVESTMENT_PLATFORM,1,1,0.0,108.0
REAL_WORLD_ASSET_MARKETPLACE,1,1,0.449,80.0
REAL_WORLD_REWARD_PLATFORM,1,1,0.259,17.0
RECURRING_BILLING_PROTOCOL,1,1,0.0,17.0
AI_AGENT_AUTONOMOUS_WALLET,1,1,0.0,27.0
REFLECTIVE_WRITING_PLATFORM,1,1,0.899,37.0
REGULATORY_COMPLIANCE_ORACLE,1,1,0.804,0.0
REGULATORY_LEARNING_PLATFORM,1,1,0.726,37.0
RELATIONSHIP_MANAGEMENT_PLATFORM,1,1,0.466,67.0
AI_AGENT_BATTLE_ARENA,1,1,0.0,13.0
REPUTATION_BASED_CREDIT_PLATFORM,1,1,0.031,58.0
REPUTATION_BASED_LENDING_PROTOCOL,1,1,0.0,58.0
REPUTATION_MANAGEMENT_SYSTEM,1,1,0.549,0.0
REPUTATION_SCORING_PLATFORM,1,1,0.187,21.0
REPUTATION_SCORING_PROTOCOL,1,1,0.549,0.0
REPUTATION_SYSTEM,1,1,0.402,35.0
RESEARCH_ATTESTATION_PLATFORM,1,1,0.16,24.0
RESTAURANT_OPERATING_SYSTEM,1,1,0.0,23.0
RETAIL_OPERATING_SYSTEM,1,1,0.0,14.0
RETAIL_SALES_INCENTIVE_SYSTEM,1,1,0.47,41.0
REVENUE_SPLITTING_PROTOCOL,1,1,0.027,17.0
REWARDED_ADVERTISING_PLATFORM,1,1,0.0,12.0
REWARDED_BROWSING_EXTENSION,1,1,0.918,0.0
REWARD_BASED_FITNESS_APP,1,1,0.0,10.0
RFQ_LIQUIDITY_MAKER_RUNTIME,1,1,0.0,11.0
RISK_MANAGED_YIELD_OPTIMIZER,1,1,0.209,77.0
ROAD_INTELLIGENCE_PLATFORM,1,1,0.895,0.0
ROBOTICS_HUMAN_AUGMENTATION_NETWORK,1,1,0.092,27.0
ROTATING_CREDIT_ASSOCIATION_PROTOCOL,1,1,0.0,12.0
ROTATING_SAVINGS_PROTOCOL,1,1,0.0,12.0
RPC_INFRASTRUCTURE_PROVIDER,1,1,0.923,0.0
RPC_OPTIMIZER,1,1,0.544,67.0
RPC_PERFORMANCE_MONITOR,1,1,0.544,67.0
RUNTIME_AUTHORIZATION_LAYER,1,1,0.585,0.0
RUNTIME_SECURITY_GATEWAY,1,1,0.454,58.0
RUNTIME_SECURITY_MONITOR,1,1,0.0,58.0
RWA_AGGREGATOR,1,1,0.677,108.0
RWA_CAPITAL_ROUTING_PLATFORM,1,1,0.668,108.0
RWA_COLLATERALIZED_LENDING_PROTOCOL,1,1,0.311,58.0
RWA_COMPLIANCE_ENGINE,1,1,0.581,0.0
RWA_FINANCE_PROTOCOL,1,1,0.57,108.0
AI_AGENT_BUILDER,1,1,0.0,22.0
RWA_FINANCING_PROTOCOL,1,1,0.517,108.0
RWA_FINANCING_VERIFICATION_LAYER,1,1,0.937,0.0
RWA_FRACTIONAL_OWNERSHIP_PLATFORM,1,1,0.118,108.0
RWA_INCOME_TOKENIZATION_PLATFORM,1,1,0.0,108.0
AI_AGENT_BUSINESS_PLATFORM,1,1,0.069,27.0
RWA_INVESTMENT_PROTOCOL,1,1,0.875,0.0
RWA_INVOICE_FINANCING_PROTOCOL,1,1,0.937,0.0
RWA_LENDING_PLATFORM,1,1,0.0,108.0
AI_AGENT_COMMERCE_GATEWAY,1,1,0.636,52.0
RWA_LIQUIDITY_INFRASTRUCTURE,1,1,0.924,0.0
RWA_MARKETPLACE,1,1,0.662,108.0
RWA_OPERATIONAL_PLATFORM,1,1,0.0,108.0
RWA_PROPERTY_FLIPPING_PLATFORM,1,1,0.0,108.0
RWA_SETTLEMENT_LAYER,1,1,0.0,108.0
RWA_SETTLEMENT_PROTOCOL,1,1,0.754,80.0
RWA_TOKENIZATION_INFRASTRUCTURE,1,1,0.599,108.0
AI_AGENT_COMMERCE_LAYER,1,1,0.636,52.0
RWA_VERIFICATION_LAYER,1,1,0.909,0.0
AI_AGENT_COMMUNICATION_PROTOCOL,1,1,0.866,0.0
RWA_YIELD_STABLECOIN,1,1,0.534,77.0
RWA_YIELD_STREAMING_PLATFORM,1,1,0.322,108.0
SANDBOXED_APP_RUNTIME,1,1,0.919,0.0
SEALED_AUCTION_PLATFORM,1,1,0.0,17.0
SEALED_BID_AUCTION_PROTOCOL,1,1,0.0,17.0
SEALED_BID_OTC_VENUE,1,1,0.601,17.0
SECURE_DATA_VAULT,1,1,0.922,0.0
SECURE_EVIDENCE_PLATFORM,1,1,0.034,23.0
SECURE_GOSSIP_PROTOCOL,1,1,0.756,0.0
SECURE_MESSAGING_INFRASTRUCTURE,1,1,0.913,0.0
SECURE_RECOVERY_WALLET,1,1,0.0,20.0
SECURE_SIGNING_MODULE,1,1,0.38,20.0
SECURE_SOCIAL_PAYMENT_GATEWAY,1,1,0.799,0.0
SECURE_TRADING_TERMINAL,1,1,0.802,0.0
AI_AGENT_COMPANION,1,1,0.688,0.0
SECURE_WALLET_MANAGER,1,1,0.646,58.0
SECURITY_ANALYTICS_PLATFORM,1,1,0.577,58.0
SECURITY_MONITORING_TOOL,1,1,0.607,58.0
SECURITY_TOKEN_ISSUANCE_TOOLING,1,1,0.681,27.0
SELF_CUSTODIAL_PAYMENT_WALLET,1,1,0.82,0.0
SELF_HOSTED_PAYMENT_GATEWAY,1,1,0.773,0.0
SELF_HOSTED_TRADING_INFRASTRUCTURE,1,1,0.792,0.0
SEMANTIC_PROOF_ARCHIVE,1,1,0.0,23.0
SEMANTIC_TRANSLATION_VERIFICATION_NETWORK,1,1,0.05,23.0
SERVICE_COORDINATION_PLATFORM,1,1,0.0,80.0
SERVICE_MARKETPLACE,1,1,0.0,14.0
SERVICE_MARKETPLACE_WITH_ESCROW,1,1,0.519,80.0
SHARDED_AMM,1,1,0.871,0.0
SHARED_FINANCIAL_POOL_MANAGER,1,1,0.903,0.0
SHIELDED_PAYMENT_PROTOCOL,1,1,0.111,103.0
SHIELDED_PAYROLL_OS,1,1,0.41,103.0
SHIELDED_TRANSACTION_FRAMEWORK,1,1,0.054,103.0
SHOOTER_GAME,1,1,0.375,167.0
SIGNAL_GENERATION_ENGINE,1,1,0.558,30.0
SIGNED_DOCUMENT_EDITOR,1,1,0.0,23.0
SIGN_LANGUAGE_TRANSLATION_SYSTEM,1,1,0.891,0.0
SIMPLIFIED_CRYPTO_PAYMENT_RAIL,1,1,0.156,18.0
SIMPLIFIED_DEFI_INVESTMENT_PLATFORM,1,1,0.868,0.0
SIMPLIFIED_TRADING_TERMINAL,1,1,0.851,0.0
SKILL_BASED_ARCADE_GAME,1,1,0.119,167.0
SKILL_BASED_COMPETITIVE_GAME,1,1,0.459,167.0
SKILL_BASED_GAMING_PLATFORM,1,1,0.0,167.0
SKILL_BASED_MOBILE_GAME,1,1,0.209,167.0
SKILL_BASED_PVP_BETTING_GAME,1,1,0.244,167.0
SKILL_BASED_PVP_GAME,1,1,0.0,167.0
SKILL_BASED_WAGERING_PLATFORM,1,1,0.462,167.0
SKILL_CREDENTIALING_PLATFORM,1,1,0.0,11.0
SKILL_GAMING_WAGERING_PLATFORM,1,1,0.0,167.0
SMART_CONTRACT_AUDIT_TOOL,1,1,0.631,54.0
AI_AGENT_COMPLIANCE_ENGINE,1,1,0.56,0.0
SMART_CONTRACT_OBSERVABILITY_PLATFORM,1,1,0.239,67.0
SMART_CONTRACT_SECURITY_ANALYZER,1,1,0.525,54.0
AI_AGENT_COMPLIANCE_LAYER,1,1,0.5,0.0
SMART_CONTRACT_TESTING_FRAMEWORK,1,1,0.061,27.0
SMART_CONTRACT_WALLET,1,1,0.518,0.0
SMART_ORDER_ROUTING_ENGINE,1,1,0.846,0.0
SMART_WALLET_MANAGER,1,1,0.0,27.0
SMS_TRADING_INTERFACE,1,1,0.802,0.0
SOCIALFI_PLATFORM,1,1,0.593,35.0
SOCIAL_ARCADE_GAMING_PLATFORM,1,1,0.0,167.0
SOCIAL_CHAT_APPLICATION,1,1,0.081,35.0
SOCIAL_COMMERCE_PLATFORM,1,1,0.851,0.0
SOCIAL_CONTENT_MONETIZATION_PLATFORM,1,1,0.736,35.0
SOCIAL_COORDINATION_PLATFORM,1,1,0.266,139.0
SOCIAL_CREDIBILITY_NETWORK,1,1,0.0,15.0
SOCIAL_DEDUCTION_GAME,1,1,0.203,167.0
SOCIAL_ECOSYSTEM_WITH_INTERNAL_ECONOMY,1,1,0.399,35.0
SOCIAL_ENGAGEMENT_REWARD_PROTOCOL,1,1,0.0,35.0
SOCIAL_FI_IDENTITY_PLATFORM,1,1,0.129,15.0
SOCIAL_GAMING_PLATFORM,1,1,0.0,167.0
SOCIAL_INVESTMENT_DAO,1,1,0.238,37.0
SOCIAL_INVESTMENT_TOKEN,1,1,0.736,35.0
SOCIAL_MICRO_PAYMENT_PLATFORM,1,1,0.0,11.0
SOCIAL_NETWORK_WITH_ONCHAIN_PAYMENTS,1,1,0.0,35.0
SOCIAL_OPINION_PLATFORM,1,1,0.744,35.0
SOCIAL_PARTY_GAME,1,1,0.692,167.0
SOCIAL_PAYMENTS_PLATFORM,1,1,0.0,11.0
SOCIAL_PAYMENT_PROTOCOL,1,1,0.803,0.0
SOCIAL_PLATFORM,1,1,0.527,35.0
SOCIAL_PREDICTION_MARKET,1,1,0.882,0.0
AI_AGENT_COMPLIANCE_SCREENER,1,1,0.584,58.0
SOCIAL_PREDICTION_POOL,1,1,0.0,139.0
SOCIAL_READING_PLATFORM,1,1,0.518,17.0
SOCIAL_SAVINGS_PLATFORM,1,1,0.0,12.0
AI_AGENT_COMPREHENSION_VERIFICATION,1,1,0.749,0.0
SOCIAL_TRADING_CLIENT,1,1,0.802,0.0
AI_AGENT_COMPUTATION_MARKETPLACE,1,1,0.0,27.0
SOLANA_ACCOUNT_CLEANUP_UTILITY,1,1,0.913,0.0
SOLANA_ACCOUNT_VISUALIZER,1,1,0.882,0.0
SOLANA_DATA_INDEXER,1,1,0.779,0.0
SOLANA_DEBUGGER,1,1,0.0,67.0
SOLANA_DEBUGGING_PLATFORM,1,1,0.0,67.0
SOLANA_DEV_TESTING_TOOL,1,1,0.146,27.0
SOLANA_PAYMENT_TERMINAL,1,1,0.758,0.0
SOLANA_TRANSACTION_ANALYZER,1,1,0.0,67.0
AI_AGENT_COORDINATION_LAYER,1,1,0.232,19.0
SOVEREIGN_CREATOR_PROTOCOL,1,1,0.832,0.0
SPORTS_MANAGEMENT_SIMULATION_GAME,1,1,0.658,167.0
SPORTS_PERFORMANCE_MONITORING_PLATFORM,1,1,0.644,0.0
SPORTS_PREDICTION_GAME,1,1,0.0,139.0
SPOT_ORDERBOOK_EXCHANGE,1,1,0.301,24.0
STABLECOIN_ACCOUNTS_PAYABLE,1,1,0.357,103.0
STABLECOIN_ECOSYSTEM_PROVIDER,1,1,0.646,108.0
STABLECOIN_ISSUANCE_PLATFORM,1,1,0.107,23.0
AI_AGENT_COORDINATION_PLATFORM,1,1,0.069,27.0
STABLECOIN_PAYMENT_INBOX,1,1,0.803,0.0
AI_AGENT_DATA_INFRASTRUCTURE,1,1,0.66,0.0
STABLECOIN_PAYMENT_STACK,1,1,0.874,0.0
STABLECOIN_PORTFOLIO_MANAGER,1,1,0.0,77.0
STABLECOIN_REMITTANCE_PLATFORM,1,1,0.0,24.0
STABLECOIN_REMITTANCE_ROUTER,1,1,0.239,24.0
STABLE_REWARD_TOKEN_PLATFORM,1,1,0.832,0.0
STAGED_AI_PAYMENT_PROTOCOL,1,1,0.692,0.0
STAKED_HABIT_TRACKER,1,1,0.0,17.0
STAKING_BASED_ACCOUNTABILITY_PROTOCOL,1,1,0.0,17.0
STAKING_BASED_PRODUCTIVITY_APP,1,1,0.154,17.0
STAKING_INTERFACE,1,1,0.85,0.0
STAKING_LOTTERY,1,1,0.0,167.0
STAKING_MANAGEMENT_PLATFORM,1,1,0.944,0.0
STAKING_OPTIMIZED_DEX,1,1,0.348,24.0
STEALTH_IDENTITY_PROTOCOL,1,1,0.054,103.0
STEALTH_PAYMENT_PROTOCOL,1,1,0.0,103.0
STREAMER_CONTENT_RECOMMENDER,1,1,0.594,0.0
STREAMER_TIPPING_PLATFORM,1,1,0.0,11.0
AI_AGENT_DEBATE_PLATFORM,1,1,0.215,14.0
STRUCTURED_DEBT_PRODUCT,1,1,0.665,58.0
STRUCTURED_FEEDBACK_PLATFORM,1,1,0.582,0.0
STRUCTURED_FINANCE_PROTOCOL,1,1,0.697,58.0
STRUCTURED_FINANCIAL_PRODUCT_PROTOCOL,1,1,0.117,11.0
STRUCTURED_YIELD_PROTOCOL,1,1,0.0,10.0
SUPPLY_CHAIN_AUTOMATION_PLATFORM,1,1,0.0,14.0
SUPPLY_CHAIN_FINANCE_PLATFORM,1,1,0.904,0.0
SUPPLY_CHAIN_INTELLIGENCE_PLATFORM,1,1,0.854,0.0
SUPPLY_CHAIN_TRACEABILITY_PLATFORM,1,1,0.599,108.0
SUPPLY_CHAIN_VERIFICATION_SYSTEM,1,1,0.259,24.0
SURVIVAL_MMORPG,1,1,0.331,167.0
SYBIL_PROTECTION_SERVICE,1,1,0.0,35.0
AI_AGENT_DEPLOYMENT_AND_MANAGEMENT_PLATFORM,1,1,0.75,0.0
SYNTHETIC_INDEX_OPTIONS_PLATFORM,1,1,0.764,0.0
SYNTHETIC_LEVERAGED_ASSET,1,1,0.0,10.0
SYNTHETIC_MARKET_PLATFORM,1,1,0.151,139.0
TELEGRAM_TOKEN_TRACKER_BOT,1,1,0.802,0.0
AI_AGENT_DEVELOPMENT_FRAMEWORK,1,1,0.156,19.0
THEMATIC_PORTFOLIO_MANAGER,1,1,0.0,77.0
THREAT_DETECTION_SYSTEM,1,1,0.289,101.0
TIME_BASED_LEVERAGE_DEX,1,1,0.0,24.0
TOKENIZED_ACCESS_MARKETPLACE,1,1,0.496,37.0
TOKENIZED_AGRICULTURAL_INVESTMENT_PLATFORM,1,1,0.0,108.0
TOKENIZED_ASSET_BACKED_LENDING,1,1,0.406,58.0
TOKENIZED_ASSET_FINANCING_PLATFORM,1,1,0.0,108.0
AI_AGENT_ECONOMIC_COORDINATION,1,1,0.0,14.0
TOKENIZED_ASSET_LAUNCHPAD,1,1,0.0,37.0
AI_AGENT_ECOSYSTEM_LAYER,1,1,0.233,19.0
TOKENIZED_AUDIO_CONTENT_PLATFORM,1,1,0.234,41.0
TOKENIZED_COLLECTIBLE_MARKETPLACE,1,1,0.0,21.0
TOKENIZED_COMMODITY_PLATFORM,1,1,0.0,108.0
TOKENIZED_DEBT_PLATFORM,1,1,0.266,58.0
TOKENIZED_EDUCATIONAL_PLATFORM,1,1,0.0,37.0
TOKENIZED_EQUITY_MANAGEMENT_PLATFORM,1,1,0.238,37.0
TOKENIZED_FUND_PROTOCOL,1,1,0.913,0.0
TOKENIZED_GAMING_LAUNCHPAD,1,1,0.0,167.0
TOKENIZED_GIFT_CARD,1,1,0.046,21.0
TOKENIZED_LIVE_STREAMING_PLATFORM,1,1,0.424,41.0
TOKENIZED_REAL_ESTATE_DEBT_PLATFORM,1,1,0.0,108.0
TOKENIZED_REAL_ESTATE_INVESTMENT_PLATFORM,1,1,0.0,108.0
TOKENIZED_REWARD_SYSTEM,1,1,0.0,37.0
TOKENIZED_RWA_EXCHANGE,1,1,0.524,108.0
TOKENIZED_RWA_LENDING_PLATFORM,1,1,0.0,108.0
TOKENIZED_RWA_MARKETPLACE,1,1,0.468,108.0
TOKENIZED_RWA_REDEMPTION_GAME,1,1,0.703,167.0
TOKENIZED_SECURITIES_BROKERAGE,1,1,0.854,108.0
TOKENIZED_SECURITIES_LENDING_PLATFORM,1,1,0.3,58.0
TOKEN_ANALYTICS_DASHBOARD,1,1,0.558,30.0
TOKEN_AUCTION_PROTOCOL,1,1,0.0,17.0
TOKEN_COMMUNITY_PLATFORM,1,1,0.777,35.0
TOKEN_DISCOVERY_ENGINE,1,1,0.596,67.0
TOKEN_ECOSYSTEM_ANALYTICS_PLATFORM,1,1,0.0,21.0
TOKEN_FINANCIAL_SYSTEM_PROTOCOL,1,1,0.697,58.0
TOKEN_FRAUD_DETECTOR,1,1,0.0,17.0
TOKEN_GATED_COMMERCE_PLATFORM,1,1,0.832,0.0
TOKEN_GATED_COMMUNITY_AUTOMATION,1,1,0.809,0.0
TOKEN_HOLDER_ANALYTICS,1,1,0.0,67.0
TOKEN_HOLDER_ANALYTICS_PLATFORM,1,1,0.0,67.0
AI_AGENT_EXECUTION_VERIFIER,1,1,0.576,0.0
TOKEN_LAUNCH_AUTOMATION_PLATFORM,1,1,0.0,37.0
TOKEN_LAUNCH_ORCHESTRATOR,1,1,0.362,37.0
TOKEN_LAUNCH_PLATFORM,1,1,0.0,37.0
TOKEN_LOCKING_PROTOCOL,1,1,0.707,0.0
TOKEN_MANAGEMENT_PLATFORM,1,1,0.362,37.0
TOKEN_REWARD_DISTRIBUTION_PLATFORM,1,1,0.818,0.0
TOKEN_RISK_ANALYTICS_PLATFORM,1,1,0.767,0.0
TOKEN_RISK_ASSESSMENT_PLATFORM,1,1,0.118,21.0
TOKEN_RISK_INTELLIGENCE_DASHBOARD,1,1,0.864,0.0
AI_AGENT_FINANCE_ORCHESTRATOR,1,1,0.607,52.0
TOKEN_STREAMING_PROTOCOL,1,1,0.803,0.0
TRADE_ANALYTICS_PLATFORM,1,1,0.535,67.0
TRADE_FINANCE_PLATFORM,1,1,0.937,0.0
TRADE_SETTLEMENT_ENGINE,1,1,0.843,80.0
TRADING_ESPORTS_PLATFORM,1,1,0.48,167.0
TRADING_INTELLIGENCE_OVERLAY,1,1,0.306,30.0
TRADING_INTELLIGENCE_PLATFORM,1,1,0.788,139.0
TRADING_SIGNAL_API,1,1,0.36,30.0
TRADING_SIGNAL_VERIFICATION_PLATFORM,1,1,0.957,0.0
TRADING_SIMULATION_GAME,1,1,0.48,167.0
TRADING_SIMULATOR,1,1,0.562,167.0
TRADING_STRATEGY_OPTIMIZER,1,1,0.0,40.0
TRADING_TERMINAL,1,1,0.833,0.0
TRANSACTION_AUDIT_PROTOCOL,1,1,0.766,0.0
TRANSACTION_AUTOMATION_NETWORK,1,1,0.912,0.0
TRANSACTION_DIAGNOSIS_TOOL,1,1,0.0,67.0
AI_AGENT_FINANCE_PROTOCOL,1,1,0.79,0.0
TRANSACTION_GUARDRAIL,1,1,0.865,0.0
TRANSACTION_INSURANCE_PROTOCOL,1,1,0.865,0.0
TRANSACTION_INTENT_LAYER,1,1,0.865,0.0
TRANSACTION_MIXER,1,1,0.534,103.0
TRANSACTION_OBSERVABILITY_TOOL,1,1,0.0,67.0
TRANSACTION_ORCHESTRATION_ENGINE,1,1,0.912,0.0
TRANSACTION_ORCHESTRATION_SERVICE,1,1,0.928,0.0
TRANSACTION_PREFLIGHT_SIMULATOR,1,1,0.0,67.0
TRANSACTION_PRIVACY_PROTOCOL,1,1,0.146,103.0
TRANSACTION_RECEIPT_GENERATOR,1,1,0.093,67.0
TRANSACTION_RELAY_NETWORK,1,1,0.912,0.0
TRANSACTION_ROUTING_PROTOCOL,1,1,0.912,0.0
TRANSACTION_SECURITY_FIREWALL,1,1,0.453,58.0
TRANSACTION_SECURITY_LAYER,1,1,0.767,0.0
TRANSACTION_SECURITY_TOOL,1,1,0.863,0.0
TRANSACTION_SIGNING_PROTOCOL,1,1,0.865,0.0
TRANSACTION_SIMULATOR_AND_DEBUGGER,1,1,0.0,67.0
TRANSPARENCY_AND_AUDIT_TOOL,1,1,0.937,0.0
TRANSPARENT_DONATION_PLATFORM,1,1,0.0,15.0
TRAVEL_BOOKING_AGGREGATOR,1,1,0.0,17.0
TREASURY_MANAGEMENT_TOOL,1,1,0.166,103.0
TREASURY_PAYMENT_EXECUTION_LAYER,1,1,0.859,0.0
TREASURY_ROUTING_ENGINE,1,1,0.027,17.0
TRIVIA_GATED_PVP_GAME,1,1,0.064,167.0
TRUSTED_SERVICE_DIRECTORY,1,1,0.834,0.0
TRUSTLESS_ASSET_INHERITANCE_PROTOCOL,1,1,0.165,18.0
TRUSTLESS_ESCROW_SERVICE,1,1,0.289,80.0
UGC_GAMING_PLATFORM,1,1,0.715,167.0
UNIFIED_DEX_LENDING_PROTOCOL,1,1,0.827,0.0
UNIFIED_FINANCE_HUB,1,1,0.79,0.0
UNIFIED_WORKSPACE_PLATFORM,1,1,0.357,103.0
AI_AGENT_FINANCIAL_COORDINATION_PROTOCOL,1,1,0.674,0.0
UNSECURED_LENDING_PROTOCOL,1,1,0.095,58.0
URL_SECURITY_SCANNER,1,1,0.658,54.0
USER_GENERATED_INVESTMENT_PORTFOLIO_PLATFORM,1,1,0.882,0.0
USER_GOVERNED_AI_AGENT,1,1,0.623,0.0
USSD_DEFI_BRIDGE,1,1,0.782,0.0
VALIDATOR_ANALYTICS_DASHBOARD,1,1,0.544,67.0
VALIDATOR_IDENTITY_MANAGER,1,1,0.086,35.0
VEHICLE_DIAGNOSTIC_PLATFORM,1,1,0.544,67.0
VERIFIABLE_AI_DELIBERATION_ENGINE,1,1,0.94,0.0
VERIFIABLE_ALLOCATION_PROTOCOL,1,1,0.595,0.0
VERIFIABLE_ATTENTION_PROTOCOL,1,1,0.895,0.0
VERIFIABLE_CHECK_IN_SYSTEM,1,1,0.966,18.0
AI_AGENT_FINANCIAL_GATEWAY,1,1,0.892,0.0
VERIFIABLE_CREDENTIAL_PROTOCOL,1,1,0.104,35.0
VERIFIABLE_DATA_REGISTRY,1,1,0.626,0.0
VERIFIABLE_DEVELOPER_IDENTITY_NFT,1,1,0.086,35.0
VERIFIABLE_DISTRIBUTION_ENGINE,1,1,0.91,0.0
VERIFIABLE_IDENTITY_ATTESTATION_PLATFORM,1,1,0.0,11.0
VERIFIABLE_PROOF_INFRASTRUCTURE,1,1,0.923,0.0
VERIFICATION_AND_CERTIFICATION_PLATFORM,1,1,0.0,15.0
VERIFIED_ASSET_TOKENIZATION_PLATFORM,1,1,0.636,108.0
VERIFIED_PAYOUT_SYSTEM,1,1,0.91,0.0
VERIFIED_PROGRESSION_PLATFORM,1,1,0.914,0.0
VERIFIED_REVIEW_PLATFORM,1,1,0.605,11.0
VERIFIED_SURVEY_PLATFORM,1,1,0.688,0.0
VIDEO_COLLABORATION_PLATFORM,1,1,0.085,41.0
VIRTUAL_COLLABORATION_PLATFORM,1,1,0.886,139.0
VIRTUAL_CRYPTO_CREDIT_CARD,1,1,0.376,58.0
VIRTUAL_PET_GAME,1,1,0.703,167.0
VIRTUAL_WORLD_PLATFORM,1,1,0.61,167.0
VISUAL_DEFI_STRATEGY_COMPOSER,1,1,0.795,0.0
VISUAL_DEVELOPMENT_ENVIRONMENT,1,1,0.0,27.0
VISUAL_PROGRAMMING_ENVIRONMENT,1,1,0.0,27.0
VISUAL_SMART_CONTRACT_IDE,1,1,0.0,27.0
VISUAL_STORY_GAME_EDITOR,1,1,0.052,27.0
VOICE_ASSISTED_WALLET,1,1,0.0,12.0
VOICE_CONTROLLED_AI_AGENT,1,1,0.0,12.0
VOICE_CONTROLLED_CRYPTO_AGENT,1,1,0.0,12.0
VOICE_CONTROLLED_DEFI_TERMINAL,1,1,0.0,12.0
VOICE_CONTROLLED_GAME_CREATOR,1,1,0.068,27.0
VOICE_CONTROLLED_HARDWARE_WALLET_INTERFACE,1,1,0.0,12.0
VOLATILE_KEY_SIGNER,1,1,0.0,20.0
VOLATILITY_ARBITRAGE_PROTOCOL,1,1,0.55,77.0
VOLATILITY_PREDICTION_MARKET,1,1,0.001,139.0
VOTER_INFORMATION_PLATFORM,1,1,0.688,0.0
VWAP_EXECUTION_ENGINE,1,1,0.852,0.0
WAGER_BASED_PVP_GAME,1,1,0.064,167.0
WALLET_ACTIVITY_MONITOR,1,1,0.117,67.0
WALLET_ANALYTICS_DASHBOARD,1,1,0.0,67.0
AI_AGENT_FINANCIAL_GOVERNOR,1,1,0.48,0.0
WALLET_BEHAVIORAL_ANALYTICS,1,1,0.662,54.0
WALLET_FORENSICS_TOOL,1,1,0.074,67.0
AI_AGENT_FINANCIAL_INFRASTRUCTURE,1,1,0.651,52.0
AI_AGENT_FINANCIAL_ORCHESTRATOR,1,1,0.703,0.0
WALLET_TRUST_SCORING_API,1,1,0.71,0.0
WATCH_TO_EARN_PLATFORM,1,1,0.0,12.0
WEARABLE_CRYPTO_WALLET,1,1,0.0,20.0
WEB2_API_INTEGRATION_LAYER,1,1,0.837,27.0
WEB2_TO_WEB3_CHECKOUT_LAYER,1,1,0.83,0.0
WEB3_API_GATEWAY,1,1,0.787,27.0
WEB3_APP_MARKETPLACE,1,1,0.834,0.0
WEB3_CARD_GAME,1,1,0.0,167.0
WEB3_COMMUNITY_ANALYTICS_CRM,1,1,0.479,67.0
WEB3_EDUCATION_PLATFORM,1,1,0.0,37.0
WEB3_GUILD_MANAGEMENT_PLATFORM,1,1,0.516,17.0
WEB3_ONBOARDING_PLATFORM,1,1,0.455,37.0
WEB3_SOCIAL_PLATFORM_SDK,1,1,0.0,35.0
WEB3_SUPER_APP,1,1,0.915,0.0
WEB3_UX_ABSTRACTION_LAYER,1,1,0.692,0.0
WHITE_LABEL_EXCHANGE_INFRASTRUCTURE,1,1,0.838,0.0
WORD_GUESSING_PVP_GAME,1,1,0.064,167.0
WORKFLOW_AUTOMATION_BUILDER,1,1,0.0,27.0
WORK_SETTLEMENT_PROTOCOL,1,1,0.449,80.0
WORK_VERIFICATION_AND_PAYMENT_PROTOCOL,1,1,0.449,80.0
WRITING_PROCESS_PROVENANCE_SYSTEM,1,1,0.01,24.0
YIELD_BEARING_ALLOWANCE_PLATFORM,1,1,0.942,18.0
ACCOUNT_SECURITY_PROTOCOL,1,1,0.344,20.0
ZK_IDENTITY_VERIFICATION,1,1,0.0,10.0
ZK_IDENTITY_VERIFICATION_PROTOCOL,1,1,0.0,10.0
ZK_IDENTITY_VERIFICATION_SERVICE,1,1,0.0,10.0
ZK_PAYMENT_SYSTEM,1,1,0.0,103.0
ZK_PRIVACY_LAYER,1,1,0.0,11.0
ZK_PRIVATE_PAYMENT_PROTOCOL,1,1,0.648,103.0
ZK_PRIVATE_PAYROLL_SYSTEM,1,1,0.0,103.0
ZK_PRIVATE_SETTLEMENT_LAYER,1,1,0.534,103.0
ZK_PRIVATE_TRANSACTION_NETWORK,1,1,0.534,103.0
ZK_PRIVATE_TRANSACTION_SYSTEM,1,1,0.305,103.0
ZK_PROOF_SERVICE,1,1,0.0,10.0
AI_AGENT_FINANCIAL_OS,1,1,0.625,0.0
ZK_VERIFICATION_PROTOCOL,1,1,0.0,11.0
ZK_VERIFIED_TREASURY_MANAGEMENT,1,1,0.874,0.0
AD_SPACE_AUCTION_MARKETPLACE,1,1,0.0,12.0
ADDRESS_POISONING_DETECTOR,1,1,0.295,54.0
AGENTIC_DEVELOPMENT_PLATFORM,1,1,0.098,22.0
AGENTIC_FINANCIAL_AUTOMATION_PLATFORM,1,1,0.89,0.0
AGENTIC_IDE,1,1,0.185,19.0
AGENTIC_IDENTITY_NETWORK,1,1,0.148,35.0
AGENTIC_IDENTITY_PLATFORM,1,1,0.552,0.0
AGENTIC_LOYALTY_NETWORK,1,1,0.232,19.0
AGENTIC_PAYMENT_COVERAGE_PROTOCOL,1,1,0.0,52.0
AGENTIC_PAYMENT_GATEWAY_SDK,1,1,0.54,52.0
AGENTIC_PAYMENT_PROTOCOL,1,1,0.692,0.0
AGENTIC_TREASURY_MANAGER,1,1,0.874,0.0
AGENTIC_WORKFLOW_ORCHESTRATOR,1,1,0.743,0.0
AGENT_COMMERCE_INFRASTRUCTURE,1,1,0.857,0.0
AGENT_COMMERCE_PLATFORM,1,1,0.436,52.0
AI_AGENT_FUND_MANAGER,1,1,0.846,0.0
AGENT_CREDENTIAL_DELEGATION_PROTOCOL,1,1,0.907,0.0
