project_id,project_name,country,archetype,outlier_score,ext_terms,crypto_terms,cluster_id,what_is_actually_built,neighborhood_sparsity,local_density,raw_bridge_score,norm_sparsity,archetype_freq,archetype_uniqueness,cross_domain_vocab,norm_cross_domain,cluster_size,final_outlier_score,commodity_score
2605_Face emotion recognition,Face emotion recognition,Unknown,EMOTION_DETECTION_SYSTEM,0.912,1,0,-1,"A model designed to be lightweight and efficient for face-emotion detection, built using Python and machine learning.",0.4757973933644336,49,0.4,1.0,1,1.0,1.0,0.2,728,1.0,0.0006148816043110466
1218_StarkFi,StarkFi,Unknown,EMBEDDED_FINANCE_API,0.956,0,1,-1,"The project has real contracts, 40 partners testing the API, and six large firms sending season makers. It includes a shared KYC system and soulbound tokens.",0.32674465469926445,186,0.8,0.6867306531227604,1,1.0,0.0,0.0,728,0.9311884563507643,0.0031492705285201777
0919_Sinergy,Sinergy,Unknown,CROSS_BORDER_PAYMENT_ORCHESTRATOR,0.895,0,0,-1,"A platform that allows companies to register beneficiaries, upload payment batches, review quotes with fees, approve payouts, fund payments using USDC on Solana, and execute local fiat payments to workers in countries like Colombia and Mexico. It includes features for approvals, reconciliation, traceability, audit logs, and exception handling.",0.3892948903308932,159,0.6,0.8181946680668668,1,1.0,0.0,0.0,728,0.9257980562285002,0.002347964674325341
1148_Casi,Casi,Unknown,LIVE_STREAM_INTERACTION_OVERLAY,0.821,0,1,26,"A Next.js web application is built, live on devnet at casi.gg. It includes a payment rail for Stripe and a Solana payment rail with a smart contract. The free side and Stripe side are described as 'good to go'. The Solana program (Anchor) is built as a time-vested USDC escrow.",0.42476025928342526,136,0.8,0.8927334727075379,1,1.0,0.0,0.0,80,0.9203120510076251,0.0018725916612445045
1854_Fractionax An Agentic RWA Investment Infrastructure,Fractionax An Agentic RWA Investment Infrastructure,Unknown,AI_AGENT_RWA_INVESTMENT_MANAGER,0.932,0,0,-1,"A system that allows users to input investment goals for RWAs, which then uses agents to source deals, assess rates, execute transactions on-chain, and manage the portfolio continuously.",0.3225298440893473,176,0.8,0.6778722384515207,1,1.0,0.0,0.0,728,0.915884359845814,0.0030096804907980726
2531_VeraNexus,VeraNexus,Unknown,AI_RWA_BROKERAGE_AGENT,0.943,0,0,-1,"The project combines on-chain accredited investor credentials (SSAS), an AI agent with autonomous on-chain payment capability, and functionalities for RWA trading lifecycle including price aggregation, subscription/redemption, and portfolio management. It also generates AI-generated investment reports.",0.31278987280438686,182,0.8,0.6574014006100443,1,1.0,0.0,0.0,728,0.9156871474041757,0.0031857190221965077
2340_OpenTrade — The World's Stock Market on Solana,OpenTrade — The World's Stock Market on Solana,Unknown,TOKENIZED_SECURITIES_BROKERAGE,0.854,0,0,3,A mobile application that facilitates the purchase of US stocks using USDC on Solana. The mechanism for representing and transferring 'real US stocks' on Solana is unclear.,0.4145080838753527,97,0.4,0.8711861175705584,1,1.0,0.0,0.0,108,0.9079216008850417,0.0013622118259635624
0547_Lowkie,Lowkie,Unknown,INSTITUTIONAL_SETTLEMENT_INFRASTRUCTURE,0.934,1,0,-1,"An execution architecture and a policy engine have been built. This system performs four pre-chain checks (allow lists, amount threshold, sanctions screening, jurisdiction). It executes a fragmented time settlement flow on Solana and produces a 'finance grid' with a 'constellation record' and selected disclosure post-execution.",0.3164632352125127,230,0.2,0.6651218346842013,1,1.0,1.0,0.2,728,0.9014351583620064,0.003990398625544504
1841_SolanaCreds,SolanaCreds,Unknown,ONCHAIN_CREDENTIAL_PLATFORM,0.891,0,1,-1,"A user interface for browsing a marketplace, creating a new token (credential), and viewing certifications is demonstrated. The process of issuing a credential and the concept of selling access to a course are shown.",0.3147430013120146,163,1.0,0.6615063590122265,1,1.0,0.0,0.0,728,0.9011366295308756,0.002839707791051308
1240_VAULTLESS,VAULTLESS,Unknown,BEHAVIORAL_BIOMETRIC_AUTHENTICATION_SYSTEM,0.893,0,1,-1,"A behavioral biometric authentication system prototype that captures keystroke timing, flight time, mouse velocity, acceleration, and interaction rhythm. A real-time comparison system using Z-score normalization and cosine similarity for authentication. A ""Ghost Wallet"" protocol that redirects attackers to a simulated dashboard and sends alert emails. A biometric lab for visual data comparison. A mobile application capturing stress, code duration patterns, and gyroscopy motion data. A platform-agnostic SDK called ""waterless code."" A live web app, a mobile app, and a standalone SDK.",0.3297318889862492,145,0.8,0.6930090277600437,1,1.0,0.0,0.0,728,0.8996969154986016,0.0024380102912520854
0852_Agora,Agora,Unknown,VERIFIABLE_AI_DELIBERATION_ENGINE,0.94,3,0,-1,"The project has built deliberation engines, a functional debate system, an ISD weighted voting engine, a pump sensor and selector for real-time mechanism learning, and tool-calling functionality for agents (web search, file analysis, code execution in a sandbox). A front-end visualizes agent activity, tool calls, entropy metrics, and consensus forms. A benchmark dashboard with a heatmap and analytics is also built. Declarations are set up in Google's library, and Solana contracts are deployed.",0.1727750871884195,257,0.8,0.36312743532851527,1,1.0,3.0,0.6,728,0.8981442366323243,0.006807592243650277
1806_Vault1177,Vault1177,Unknown,SUPPLY_CHAIN_FINANCE_PLATFORM,0.904,1,1,-1,"A payment platform user interface was built, allowing users to log in as a contractor, connect a Phantom wallet, view existing invoices and claims, create new invoices, generate payment requests, and process USDC transfers on the Solana testnet, with transactions verifiable on the Solana explorer.",0.2959452067111357,215,0.8,0.6219983775414646,1,1.0,0.5,0.1,728,0.8964012163515593,0.0039234532745506725
1449_ValyCare,ValyCare,Unknown,VERIFIABLE_CHECK_IN_SYSTEM,0.966,0,1,0,"A working Android mobile application that demonstrates the full flow of adding a contact, sending and accepting pair requests, setting daily reminders, receiving push notifications, confirming reminders with a tap, and viewing on-chain transaction links for confirmations. It includes embedded wallet creation and Phantom wallet integration.",0.27736796119424667,19,0.6,0.5829539317837302,1,1.0,0.0,0.0,18,0.8942127033700994,0.00036379245715196265
0078_POOL,POOL,Unknown,SHARED_FINANCIAL_POOL_MANAGER,0.903,0,0,-1,"A system that allows users to join a shared pool, contribute funds, and potentially spend from it using a crypto card. The team indicates they are ready to demonstrate its functionality.",0.32352130845546856,136,0.6,0.6799560337390704,1,1.0,0.0,0.0,728,0.8893920607182122,0.0023202178168326305
0352_Rydex,Rydex,Unknown,DECENTRALIZED_REPUTATION_SYSTEM,0.933,0,2,-1,"A mobile application (Rydex app) with a login screen and phone number signup, which creates an invisible wallet for users. The system integrates with ride-sharing platforms to fetch data, generates 'zick-proofs', and creates an on-chain anchor storing trust scores, verified badges, and a profile. The project currently has 61 beta users.",0.31578881590577595,66,0.4,0.6637043840715197,1,1.0,0.0,0.0,728,0.8887301223164156,0.0011469282420740743
0589_UNITY- Unspoken Voice Bot,UNITY- Unspoken Voice Bot,Unknown,SIGN_LANGUAGE_TRANSLATION_SYSTEM,0.891,0,0,-1,"A working prototype with gesture recognition and speech synthesis modules has been built, and three core modules have been delivered.",0.3289802420299261,37,0.6,0.6914292650988654,1,1.0,0.0,0.0,728,0.8864150003230437,0.0006232030194917172
2443_Jence,Jence,Unknown,DEVELOPER_COLLABORATION_PLATFORM,0.928,1,0,-1,"A platform that allows hardware engineers to share projects and collaborate, with features for crowdfunding.",0.23422699297559313,196,0.8,0.49228305207672424,1,1.0,1.0,0.2,728,0.8827266733527528,0.004237206837640382
0180_Shypt,Shypt,Unknown,PRIVACY_PRESERVING_ECOMMERCE_PLATFORM,0.933,1,0,-1,"A system that encrypts shipping addresses client-side using X25519 NaCl box and AES-256-GCM, wrapping them to the public key of the fulfillment partner. It supports burn-to-claim mechanisms and direct SOL/USDC/SPL sales.",0.2667364102183658,160,0.4,0.5606092297652857,1,1.0,1.0,0.2,728,0.8819406249309989,0.0031523255918540906
1925_UVT Localyze,UVT Localyze,Unknown,CITIZEN_REPORTING_SYSTEM,0.908,0,0,-1,unclear from transcript,0.29922191338158266,103,0.6,0.6288851463975882,1,1.0,0.0,0.0,728,0.8770240905449164,0.0018641805294011284
2698_Seeker Vault,Seeker Vault,Unknown,SECURE_DATA_VAULT,0.922,0,1,-1,"A local-first encrypted storage system where every byte is encrypted locally using AES256, utilizing a Mobile Wallet Adapter to generate a cryptographic seal.",0.2859605147019207,179,0.6,0.6010132016063637,1,1.0,0.0,0.0,728,0.876238594075248,0.0033510064889622237
1376_Signal402,Signal402,Unknown,AI_PREDICTION_SIGNAL_PROVIDER,0.957,0,0,-1,"A Telegram bot is live. A mechanism to commit predictions on-chain before an event starts is implemented. A payment system for signals is in place, allowing users to pay per signal or subscribe monthly. Distribution is handled via X (Twitter) Blinks.",0.2137776701005884,190,1.0,0.44930399594864306,1,1.0,0.0,0.0,728,0.8736782678588437,0.004375187622792666
0633_Astaria,Astaria,Unknown,PERPETUAL_FUTURES_EXCHANGE_FOR_PREDICTION_MARKETS,0.843,0,2,-1,"Astarya handles the order books, the perpetuals engine, and the risk engine. It integrates with Redstone for price indexing and with Privy for social login. It is also working with m0 (Moonpay) for unified stablecoin and fiat deposits.",0.3290213086643296,155,0.8,0.691515576278742,1,1.0,0.0,0.0,728,0.8727997343246536,0.002610465449901892
0637_Plumb,Plumb,Unknown,ACCESSIBILITY_ASSISTANT,0.891,0,0,-1,"A web-based demo where users can upload a screenshot of a web page, which is then analyzed by AI to generate a 'zone map', haptic feedback, and voice descriptions of elements. An SDK for integration is also mentioned.",0.304376399989437,38,0.6,0.6397185109341321,1,1.0,0.0,0.0,728,0.8712131088117744,0.0006789892677063626
0774_Vehicle Accident Detection,Vehicle Accident Detection,Unknown,REALTIME_ACCIDENT_DETECTION_SYSTEM,0.958,0,0,-1,A vehicle accident detection system that can identify accidents in real time and send immediate alerts.,0.28314968018541564,45,0.2,0.5951055725278831,1,1.0,0.0,0.0,728,0.8700333879726843,0.000848611985132793
1441_Tasko,Tasko,Unknown,AI_AGENT_WORK_MARKETPLACE,0.925,0,0,-1,An MVP is live on the website with the entire escrow flow implemented on the Solana devnet.,0.29189271333847144,203,0.4,0.6134811106770782,1,1.0,0.0,0.0,728,0.8697322173909566,0.0037427771046406808
1734_Covenant,Covenant,Unknown,AI_AGENT_SETTLEMENT_PROTOCOL,0.874,1,0,-1,"A Volatile SDK for agent integration, an HTTP API (X402 and AIP compatible) for existing agent stacks, and an Anchor program on Solana are built. The system is live on DevNet, running with 226 positive and 59 community agents, handling real on-chain transactions. A settlement page exists, displaying live escrows, challenge windows with countdowns, and on-chain settlement statuses. A mechanism for agents to sell pending escrow claims to a permissionless buyer pool for instant payment is implemented.",0.2570102335698007,193,0.8,0.5401673845929322,1,1.0,1.0,0.2,728,0.8682288877566239,0.003906085619178318
1715_CYKLOS,CYKLOS,Unknown,VERIFIABLE_PROOF_INFRASTRUCTURE,0.923,0,1,-1,"The CASAMBAR application for requesting dumpster services and managing a supplier marketplace is built. An operational record creation and tracking system is implemented. The SIGCLOS dashboard consolidates operational data into a compliance-ready record, connecting verified events, CTR hashes, supplier performance, and NFT CTR references. NFT CTRs, which are digital certificates for construction waste traceability, are generated. The Solana proof anchoring is simulated in the current MVP, designed to be ready for DevNet.",0.2515889751040992,203,0.8,0.5287733363251035,1,1.0,0.0,0.0,728,0.867289903670362,0.0041718232903192164
2054_Groupshop,Groupshop,Unknown,GROUP_BUYING_PLATFORM,0.865,0,1,26,"A web platform for browsing products imported from Kogita, a purchase flow integrated with Phantom wallet for on-chain payments, an on-chain escrow system for pooling funds, and a refund mechanism for unfulfilled orders or user withdrawals.",0.3375769400321747,127,0.4,0.7094972455505028,1,1.0,0.0,0.0,80,0.8662092090635296,0.002097077152827444
1420_flexus,flexus,Unknown,PRIVACY_ENHANCING_FINANCIAL_BOT,0.953,0,0,-1,An AI financial bot on Telegram that allows users to buy USD (or crypto) and send money. Bill payment functionality is mentioned but not explicitly confirmed as built.,0.2750136455906141,199,0.2,0.5780057844494523,1,1.0,0.0,0.0,728,0.8623605904425717,0.003834167843170958
0678_Riptide,Riptide,Unknown,PROTOCOL_SIMULATION_FRAMEWORK,0.909,0,1,-1,"An open-source simulation framework with a command-line interface (CLI) and a Studio graphical user interface. It includes example projects, documentation, and reproducible case studies. The system allows for defining personas, scenarios, invariants, and campaign inputs, running local simulations, and generating detailed reports. An agent assistant is integrated into the Studio to help configure simulation workflows.",0.23531895444071443,215,1.0,0.4945780656273448,1,1.0,0.0,0.0,728,0.8615880954925166,0.0046328204750743
2183_Twoonie,Twoonie,Unknown,MICRO_INVESTMENT_PLATFORM,0.872,0,1,-1,"The core technology is working, including a tested Solana program for transactions and a functional yield integration.",0.304614578413494,167,0.6,0.6402190988469258,1,1.0,0.0,0.0,728,0.8613061791059871,0.002982222615719745
2845_Universal High Income - $INCOME - EL2,Universal High Income - $INCOME - EL2,Unknown,ECOSYSTEM_REWARD_INFRASTRUCTURE,0.937,0,0,-1,unclear,0.2662759683464161,167,0.4,0.5596415030009715,1,1.0,0.0,0.0,728,0.8602544399697116,0.003294375964227626
2219_VolumeForge,VolumeForge,Unknown,ONCHAIN_INCENTIVE_PLATFORM,0.95,0,1,-1,"A full-stack dashboard for Solana protocols that integrates with Anchor IDL or custom events to define and manage on-chain incentive campaigns, featuring live leaderboards, rebate mechanisms, and weighted raffles, with reward evaluation and distribution handled by 'Torque'.",0.19587368098403213,198,1.0,0.4116745566825838,1,1.0,0.0,0.0,728,0.8589118522702797,0.0048353060750267515
1484_AURA Protocol,AURA Protocol,Unknown,DECENTRALIZED_CREATOR_PROTOCOL,0.928,0,1,-1,"The project describes a protocol with five core mechanics: creator coin minting, a 'security mining' mechanism for content discovery, portable social graphs, a token for seamless experience, and permanent storage on Arweave. It also features an open front-end idea where users can build their own interfaces. The evidence describes these functionalities as part of the protocol.",0.2132323460808808,194,1.0,0.4481578694096733,1,1.0,0.0,0.0,728,0.8579956107154495,0.004475074207233273
0660_Yatra,Yatra,Unknown,ONCHAIN_RIDE_HAILING_PLATFORM,0.933,0,0,-1,"A mobile application for passengers and drivers that facilitates ride requests, acceptance, real-time tracking, boarding confirmation, trip completion, and a passenger rating system that impacts a driver's on-chain reputation score. It includes profiles for drivers and passengers to view history and performance.",0.2639508069755091,70,0.4,0.5547546301358945,1,1.0,0.0,0.0,728,0.8567011494990282,0.0013896981138437452
0702_AuraSci,AuraSci,Unknown,DECENTRALIZED_RESEARCH_FUNDING_PLATFORM,0.928,0,1,-1,"A system for scientists to onboard and launch their scientific intent, which involves defining a core hypothesis, milestones, budgeting needs, and a timeline. This intent undergoes AI verification and is then listed in an 'intent market' where patrons can make donations.",0.21017501247498055,185,1.2,0.44173216458543835,1,1.0,0.0,0.0,728,0.8561065864844304,0.004309531254663881
0308_City Server- Civic issue reporter,City Server- Civic issue reporter,Unknown,ISSUE_REPORTING_PLATFORM,0.9,0,0,-1,unclear from transcript,0.3091302865225837,98,0.2,0.6497099203017439,1,1.0,0.0,0.0,728,0.8553944967961381,0.001730730951254075
2849_Pockethash,Pockethash,Unknown,MOBILE_POW_MINING_PROTOCOL,0.925,2,1,-1,A custom energy-efficient browser miner and an on-chain Seeker Genesis Token (SGT) hardware gate are built.,0.23048262341731646,196,0.4,0.48441337979500015,1,1.0,1.0,0.2,728,0.8553073200244004,0.004285214409508836
2799_Brain Controlled Human-Computer Interaction,Brain Controlled Human-Computer Interaction,Unknown,NEURO_CONTROL_SYSTEM,0.891,0,0,-1,An early-stage prototype of a Brain Controlled Human-Computer Interaction system that processes brain signals and uses intelligent algorithms.,0.29578312223824915,39,0.4,0.6216577189436097,1,1.0,0.0,0.0,728,0.8541444376010141,0.0007119876352588826
2853_Cribble.ph,Cribble.ph,Unknown,AI_SEARCH_ENGINE,0.906,2,0,-1,"The project claims to offer an AI Search Engine, development tools (CribTools), AI agent creation (CribAI Agents), educational resources (CribEdu), an app and game publishing platform (CribStore), and an email service (CribMail). The extent of actual implementation and functionality for these features is unclear without further evidence.",0.18616190221153686,239,0.6,0.39126297202924665,1,1.0,2.0,0.4,728,0.8531464522663589,0.006034637700466179
2681_SOL-BBQ,SOL-BBQ,Unknown,SOLANA_ACCOUNT_CLEANUP_UTILITY,0.913,1,1,-1,A system that enables Solana users to burn dust tokens and close empty accounts to reclaim locked SOL rent.,0.25533297819477796,146,0.4,0.5366422383890773,1,1.0,0.5,0.1,728,0.8525523983975415,0.0029688103444781896
0199_shingo,shingo,Unknown,TRADING_SIGNAL_VERIFICATION_PLATFORM,0.957,0,1,-1,"An audited smart contract exists, and a Minimum Viable Product (MVP) has been developed.",0.1948316782727122,192,0.8,0.40948454318975697,1,1.0,0.0,0.0,728,0.850213000702539,0.004705352877284979
0666_Mardobe,Mardobe,Unknown,DIGITAL_FASHION_ATTRIBUTION_PLATFORM,0.928,0,0,-1,unclear,0.20054444523958975,202,1.0,0.4214912650561416,1,1.0,0.0,0.0,728,0.850156180931368,0.004856325393816521
0731_Seedling,Seedling,Unknown,YIELD_BEARING_ALLOWANCE_PLATFORM,0.942,0,2,0,A Solana program built in Quasar (Pinocchio framework) with 12 instructions is implemented. It includes an embedded wallet with Google login for parents and a wallet-free public PDA view for kids. On-chain family position accounts are created lazily upon the first deposit. The system integrates with Kamino for yield generation and uses keeper bots for automated monthly allowances and year-end bonuses. A sandboxed relay pays gas for initial setup.,0.22416985032480072,19,0.6,0.47114560409770767,1,1.0,0.0,0.0,18,0.8486434631049233,0.0004234928625093625
1217_SplotSOL,SplotSOL,Unknown,PAYMENT_SPLITTING_APP,0.903,0,1,-1,"A simple web app that allows users to generate a shareable payment link, which can be sent to friends to receive instant payments in SOL via Phantom wallet integration.",0.27607584158010456,171,0.4,0.5802382388603089,1,1.0,0.0,0.0,728,0.8483179206433175,0.0032853813621430378
1492_Agent Settlement Protocol (ASP),Agent Settlement Protocol (ASP),Unknown,ATOMIC_SETTLEMENT_PROTOCOL,0.91,0,0,-1,"A working prototype is live on Solana DevNet, demonstrating locking, validating, and reverting trades, with 33 of 33 tests passing and verified on-chain.",0.24863569379036693,189,0.6,0.522566321837594,1,1.0,0.0,0.0,728,0.8468268820077592,0.003917013516644469
0478_Atlas Protocol  zk-Verified Capital Allocation,Atlas Protocol  zk-Verified Capital Allocation,Unknown,ZK_VERIFIED_TREASURY_MANAGEMENT,0.874,1,1,-1,"A system that has verified 248 proofs in the last 24 hours and manages $13 million. It includes a decision engine with six sensor agents, three decider agents, and one executor. The system generates and verifies ZK proofs for rebalance plans, mints receipts on Solana Devnet, and offers 12 vault templates across four strategies and three risk bands. It integrates with 27 audited Solana native partners and provides a public verifier program ID on Solana Devnet for browser-based verification. The codebase consists of 43,000 lines of Rust.",0.2786332175840523,153,0.4,0.5856131653303009,1,1.0,0.5,0.1,728,0.8463114902781927,0.00291969733519767
1135_Kurtosis Labs,Kurtosis Labs,Unknown,RWA_INVESTMENT_PROTOCOL,0.875,0,1,-1,A platform that allows users to connect their Solana wallet and deposit funds into one of two operational investment bots: a multi-asset strategy bot and a fixed-income strategy bot. The platform displays the allocation of asset classes within the user's portfolio. These strategies have accumulated Total Value Locked (TBL).,0.29596475104082376,172,0.4,0.6220394545418025,1,1.0,0.0,0.0,728,0.8457900560153464,0.0031386076942051563
1095_Siren,Siren,Unknown,TRADING_INTELLIGENCE_PLATFORM,0.788,0,0,4,A platform or tool that integrates with prediction markets like Kalshi and Polymarket to provide execution and risk intelligence.,0.3674143765771233,100,0.4,0.7722076280811082,1,1.0,0.0,0.0,139,0.8438992321499024,0.001545834688298926
1052_ShareApp,ShareApp,Unknown,GROUP_PAYMENT_PLATFORM,0.903,0,1,-1,"A social FinTech platform leveraging Google Cloud infrastructure and blockchain technology on Solana mainnet, which has been tested.",0.2869406301063774,148,0.2,0.6030731443847933,1,1.0,0.0,0.0,728,0.8432717381187657,0.002763646526981054
0441_Sunshine Staking,Sunshine Staking,Unknown,STAKING_MANAGEMENT_PLATFORM,0.944,0,0,-1,A backend and frontend have been built.,0.22904779127874444,177,0.4,0.481397742974407,1,1.0,0.0,0.0,728,0.8409565330945457,0.0038866855089250345
1990_SolWall Premium,SolWall Premium,Unknown,DIGITAL_CONTENT_UNLOCKER,0.92,0,0,-1,"A front-end built with Flutter web and deployed on GitHub Pages. A backend built with Vercel using Axiom and deployed on Hugging Face Docker Space. The backend includes Solana RPC payment verification logic, which was mocked for the MVP demo due to limited faucet access, but is stated to be ready for real Solana transaction verification.",0.2463332856777572,167,0.4,0.5177272702901926,1,1.0,0.0,0.0,728,0.8389367563176718,0.0034840738568725086
1562_Panen Protocol,Panen Protocol,Unknown,ONCHAIN_RECEIVABLES_FINANCING,0.911,0,1,-1,"A dashboard for cooperative officers and palm oil mills, a TBS financing application, an agreement proposal and acceptance mechanism, an AI classifier for invoice authenticity verification, a financing estimate calculator, a farmer data review section, an application submission and co-signing process, a fund disbursement function, a transaction explorer link, a receipt status tracker, an embedded rate oracle pushing data on-chain daily, and a bilingual interface (English and Indonesian). The system uses nine Anchor instructions covering the full receivables lifecycle and has a full end-to-end flow verified on Solana DevNet.",0.2530479349778208,146,0.4,0.5318396832493795,1,1.0,0.0,0.0,728,0.8383230489326726,0.0029880254687374725
2156_SolBank,SolBank,Unknown,BASIC_DEFI_INTERFACE,0.933,0,3,-1,"A web application built with a full MVC architecture in Rust that connects to the Solana Devnet blockchain. It supports wallet connection, SOL transfers, airdrops, and real-time transaction history.",0.21395309833111087,142,0.6,0.4496726995879841,1,1.0,0.0,0.0,728,0.8375684088628833,0.003268049949396937
0741_Lemony Cash,Lemony Cash,Unknown,CRYPTO_CORPORATE_SPENDING_PLATFORM,0.727,0,0,8,An MVP and dashboard are almost ready.,0.4067145313513693,121,0.4,0.8548061360223747,1,1.0,0.0,0.0,58,0.835902556450604,0.0017253894017734757
0942_Janamat,Janamat,Unknown,CIVIC_GOVERNANCE_PLATFORM,0.891,0,0,-1,"A platform that is live in the country, supporting Nepalese national elections, with over 8,000 verified Nepalese users. It has run 350 polls, generated half a million impressions, and a mobile app is scheduled to launch next week.",0.24708488810758372,143,0.6,0.5193069393684778,1,1.0,0.0,0.0,728,0.835814598826575,0.002976908232215967
1796_MultiHopper,MultiHopper,Unknown,ASSET_ROUTING_PROTOCOL,0.866,1,2,-1,"A user interface for configuring and naming asset routes, a system to execute multi-hop asset transfers through a sequence of specified wallets and smart contracts, a mechanism to track the progress of assets through a route, a feature to replay created routes, and a system that unwraps assets at the final destination. It includes a smart contract that checks assets for OFAC and legal funds.",0.25515616291913296,102,0.6,0.5362706195485563,1,1.0,0.3333333333333333,0.06666666666666667,728,0.8354119491460557,0.0020751329730769575
0922_Colosseum Arena Simulator,Colosseum Arena Simulator,Unknown,AI_ASSISTED_FOUNDER_TOOLKIT,0.903,0,0,-1,"A platform with a 'VC Tender' game for swiping pitches, a 'Research tool' for validating product ideas and competitive analysis, a 'One-line tool' for rewriting pitch one-liners, a 'Rose McPitch' tool for analyzing pitch videos, a 'Prediction market' for betting on project success, and a 'Learn tab' with articles and standalone skills.",0.19768221730448093,189,1.0,0.41547562063474286,1,1.0,0.0,0.0,728,0.8351586372985486,0.004587478342936386
1696_Resilient Token Protocol,Resilient Token Protocol,Unknown,AUTONOMOUS_TREASURY_MANAGER,0.859,0,1,-1,"The core trading strategy is deployed and running on Solana mainnet using real capital. The rest of the program, including a launch page, is in demo mode. Token 2022 is used to simulate planned features.",0.27178957429225176,193,0.6,0.5712296411932557,1,1.0,0.0,0.0,728,0.8341455906612346,0.0037508113074475546
2341_JomPaySol,JomPaySol,Unknown,MULTI_PARTY_PAYMENT_VAULT,0.903,1,2,-1,"A web application with a user interface for creating and managing two types of vaults (GroupPay and ClaimPay), connecting a wallet, funding vaults, paying shares, claiming shares, and releasing funds. Smart contracts for the vault logic are also built.",0.25922720850822123,170,0.2,0.5448268782541816,1,1.0,0.3333333333333333,0.06666666666666667,728,0.8339879894522719,0.0034193598870454066
1445_Slot_0,Slot_0,Unknown,VIRTUAL_COLLABORATION_PLATFORM,0.886,0,0,4,"The project has implemented multi-player interaction, proximity communication, collaborative whiteboards, and screen sharing.",0.24486424247492358,138,0.6,0.5146397308809373,1,1.0,0.0,0.0,139,0.8317967223897392,0.002891319162790851
2205_Aspens Markets,Aspens Markets,Unknown,CROSSCHAIN_BROKERAGE_PROTOCOL,0.866,0,1,-1,A crosschain brokerage layer that enables listing tokens on one chain and settling them against tokens on another chain.,0.24283654671027466,151,0.8,0.5103780518702332,1,1.0,0.0,0.0,728,0.8317197941763386,0.003182401350510186
0763_ChainStaking,ChainStaking,Unknown,GAMIFIED_STAKING_PROTOCOL,0.917,0,0,-1,"The project has everything built and is currently in the debugging phase, undergoing devnet testing in preparation for Mainnet deployment.",0.2349534051365482,170,0.4,0.4938097778870918,1,1.0,0.0,0.0,728,0.8303180203101751,0.003667158142809637
1116_FlashPool,FlashPool,Unknown,GROUP_PAYMENT_COORDINATOR,0.903,0,1,-1,"A platform on Solana devnet that allows users to create group pools, share links for contributions, accept USDC contributions, and track contributions in real-time. It includes functionality for automatic fund unlocking upon goal achievement and refunds for missed deadlines, secured by a smart contract.",0.2654456778739568,158,0.2,0.5578964525151162,1,1.0,0.0,0.0,728,0.8299907256923553,0.0031239161751622966
2328_Tasky,Tasky,Unknown,DECENTRALIZED_SERVICE_MARKETPLACE,0.865,0,3,26,"A web application with a client dashboard, assignment creation functionality, a discussion panel, meeting scheduling with URL generation, and a mechanism to lock and release Solana tokens via a Program Derived Address (PDA). It also includes an expert account view, an admin panel for dispute resolution, an analytical panel showing assignment categories and activity, user profiles, activity logs, and a live blockchain feed of smart contract events.",0.2394727460642446,200,0.8,0.5033082345636605,1,1.0,0.0,0.0,80,0.8291122514592134,0.004256868131533561
2429_BladTrade,BladTrade,Unknown,SOCIAL_PREDICTION_MARKET,0.882,0,1,-1,An application that facilitates trading and betting on tokenized stocks.,0.26226639639682664,85,0.4,0.5512144455905953,1,1.0,0.0,0.0,728,0.8286731084168024,0.0016953368009364003
1098_FundWise,FundWise,Unknown,GROUP_EXPENSE_MANAGER,0.903,0,1,-1,"The 'Split Mode' functionality is built and demonstrated, allowing users to create private groups, add expenses, track balances, and settle USDC. Users can connect their wallet, create a group, invite friends, add expenses, and initiate a Solana transaction for settlement, with receipts viewable on an explorer.",0.2625141570386348,158,0.2,0.5517351727851185,1,1.0,0.0,0.0,728,0.8281794369664622,0.0031491781550808126
0085_Hoomi Ride,Hoomi Ride,Unknown,DECENTRALIZED_RIDE_HAILING_PLATFORM,0.933,0,0,-1,"A prototype demonstrating the core ride-hailing flow, including a driver console, rider pickup, destination tracking, and payment confirmation via QR/bank.",0.23624934544958925,80,0.2,0.4965335009068361,1,1.0,0.0,0.0,728,0.8278261703042205,0.0017190703670371512
2364_AIrth,AIrth,Unknown,AI_OPTIMIZATION_PLATFORM,0.712,5,0,3,"The platform uses IOT sensors to gather real-time energy data from buildings, which is then passed to an IOT core for secure device management. This data goes to an AI engine where machine learning algorithms forecast energy demand and identify electricity system abnormalities. An interactive, user-friendly dashboard is built using Firebase and Chart.js to display energy usage and carbon footprint.",0.15778504920075803,228,1.0,0.33162234892679143,1,1.0,5.0,1.0,108,0.8270291477324762,0.006390608839989054
0914_NUDGE,NUDGE,Unknown,GAMIFIED_DEFI_ASSISTANT,0.918,0,2,-1,"A web interface with wallet connection, a quiz module, a dashboard displaying a chatbot interface named Lita, a chatbot capable of displaying wallet portfolios, a chatbot capable of displaying on-chain protocol data (e.g., Kamino positions), and a chatbot capable of displaying integrated DeFi protocols (Kamino, Jupiter). It also includes an RPG-like system for earning XP and leveling up.",0.20863474301068438,242,0.6,0.4384949264547191,1,1.0,0.0,0.0,728,0.8263449336943552,0.005665466392991279
1510_GHBounty,GHBounty,Unknown,AI_POWERED_BOUNTY_PLATFORM,0.931,0,2,-1,"A web application dashboard for companies to create and fund bounties, and for developers to view open bounties and submit pull requests. It includes Phantom wallet integration for login and transaction approval, a system for AI validators to review submitted PRs, a notification mechanism for evaluation results, and a company interface to view AI reasoning, select a winner, and initiate payment.",0.216366560085339,176,0.4,0.45474515645278996,1,1.0,0.0,0.0,728,0.826242108552678,0.004019640470827979
1051_Legion,Legion,Unknown,GAS_ABSTRACTION_LAYER,0.869,0,2,-1,"A live transaction layer accessible via legiontx.com that enables gas fee abstraction. It allows users to connect their wallet, select a gas token, and send supported tokens to a recipient, with a backend handling the transaction signing and native gas payment.",0.24999145851736881,196,0.6,0.5254157799176711,1,1.0,0.0,0.0,728,0.8259688910858628,0.004046352748033954
1750_Wallet Deploy,Wallet Deploy,Unknown,PROGRAM_DEPLOYMENT_TOOL,0.921,0,1,-1,"A web-based application that connects to a Tango Wallet via WalletConnect, allows users to upload a Solana program (.so file), authorize and fund the deployment, sign the transaction using the cold wallet, and deploy the program on-chain. It includes a feature to compare transaction code on-screen with the code on the phone to address blind signing. The application also has features to scan for programs controlled by the user and unlock locked program buffers. A Visual Studio Code version is available.",0.18579832561735055,187,0.8,0.3904988304024601,1,1.0,0.0,0.0,728,0.8255817351841662,0.00472766876747969
1070_Bothar,Bothar,Unknown,COMMUNITY_RIDE_SHARING_PLATFORM,0.933,0,0,-1,A community lift-sharing application with a waitlist system (500 users) has been developed.,0.2299275685408743,83,0.2,0.48324680157455785,1,1.0,0.0,0.0,728,0.8239201556839597,0.0018177100175774056
2392_Solit,Solit,Unknown,GROUP_EXPENSE_SETTLEMENT_APP,0.903,0,1,-1,A group expense tracker with a 'Settle' button that initiates real USDC or SOL transfers directly between wallets. This system supports single atomic transactions for multiple settlements.,0.25425746803433624,168,0.2,0.5343818011201031,1,1.0,0.0,0.0,728,0.8230779048448091,0.0034265366562384026
0093_Adler,Adler,Unknown,BOUNTY_MARKETPLACE,0.871,0,1,26,A native iOS app with Privy embedded wallets and an in-app Solana wallet has been built. Funds escrow on-chain via the adler-escrow Anchor program.,0.24202753133184934,176,0.6,0.5086777159925928,1,1.0,0.0,0.0,80,0.8221065721991394,0.003718062764081477
2012_LevelUp,LevelUp,Unknown,VERIFIED_PROGRESSION_PLATFORM,0.914,1,1,-1,"A dashboard displaying user profile, XP, Grow, and Spark tokens is built. A goals page allows users to set goals, submit proof, and receive rewards. A habits page tracks daily completions and awards 'aura'. A leaderboard ranks users by verified accomplishments. An earnings dashboard tracks financial growth. A 'mint packs' storefront currently offers a 'Solana starter pack' with 2,222 units, including physical NFC-chipped versions that trigger on-chain claims. An early version of a 'hero's journey' visualization is also present.",0.2047208230048227,190,0.4,0.43026890407534923,1,1.0,0.5,0.1,728,0.8218100023739854,0.0045052260130942455
0521_P2PLOOT,P2PLOOT,Unknown,IN_GAME_ITEM_MARKETPLACE,0.865,0,0,26,An operational MVP website (p2ploot.com) with 250 active users and 4 paying guilds has been built.,0.26513223214359993,125,0.4,0.5572376726757807,1,1.0,0.0,0.0,80,0.8214480458242533,0.0024735742749984408
0452_Adher.ai,Adher.ai,Unknown,AI_GOVERNANCE_MIDDLEWARE,0.892,1,0,-1,"The project is currently being built and is in active talks with MAS for an AI governance sandbox, and scoping a pilot with a Tier 1 foreign bank in Singapore. It includes a system that intercepts employee questions to AI, applies deterministic rules, and hashes records on Solana.",0.2223007201742385,215,0.2,0.46721718797641426,1,1.0,1.0,0.2,728,0.8210304527211942,0.004819947398732549
2178_RepoRank,RepoRank,Unknown,OPEN_SOURCE_PROJECT_DISCOVERY_PLATFORM,0.931,1,1,-1,"A live website (reporank.co) with a homepage categorized by repos, products, and markets. It includes a submission system for GitHub repositories and products, a data analysis engine that updates repository metrics (stars, language, contributors) every 60 seconds via API, and a claiming mechanism for owners. A verification system using GitHub app or X is implemented. Verified owners can access a profile management system and have the ability to launch Solana-based tokens (markets).",0.14998195909155926,201,0.8,0.3152223219026373,1,1.0,0.5,0.1,728,0.8205027992423087,0.005809683919167795
0170_Atlas Due,Atlas Due,Unknown,ONCHAIN_COUNTERPARTY_VERIFICATION,0.928,0,1,-1,"A system that allows teams to input a Solana wallet, surface key risk signals, generate a concise review memo, and then approve, reject, or escalate that wallet under a policy, with the review record anchored on-chain.",0.209532883035161,224,0.4,0.44038257871385766,1,1.0,0.0,0.0,728,0.8204323197065667,0.005228851888316579
1846_MiCA Compliant Cross-Chain Wallet,MiCA Compliant Cross-Chain Wallet,Unknown,CROSS_CHAIN_WALLET,0.866,0,0,-1,unclear from transcript,0.2626165200942794,102,0.4,0.5519503127944422,1,1.0,0.0,0.0,728,0.8204228341940386,0.0020324398460207153
1452_Deskyrin,Deskyrin,Unknown,INCENTIVIZED_TASK_PLATFORM,0.926,0,1,-1,"A web app, an API backend, and smart contracts have been combined to deliver the platform.",0.15337575519671048,188,1.0,0.3223551817133084,1,1.0,0.0,0.0,728,0.8199538986692462,0.00536114937412133
0111_Terrova,Terrova,Unknown,DECENTRALIZED_AGRICULTURAL_CLAIM_VERIFIER,0.925,2,0,-1,"A system that allows uploading of zero-tag images of crop damage, verifies claims, and stores the results transparently on-chain. An MVP is available.",0.11487836706758152,218,0.6,0.2414438764686364,1,1.0,2.0,0.4,728,0.8191568310408737,0.007330420926140618
2316_IntentMesh,IntentMesh,Unknown,INTENT_LAYER,0.91,0,0,-1,"An AI-powered intent layer on Solana that processes natural language requests for trading or payments, performs safety checks, and routes them to solvers for on-chain execution, utilizing a non-custodial PDA escrow.",0.18334816415644437,182,0.8,0.3853492404823037,1,1.0,0.0,0.0,728,0.8182470721079209,0.004641048421393498
2737_cipher-stack,cipher-stack,Unknown,DEVELOPER_SECURITY_TOOL,0.932,0,1,-1,"A Solana x402 paywall, an autonomous paper-trade module, and a wallet-security GitHub Action have been shipped end-to-end, supported by 5 MIT repositories, 50+ passing tests, and 9 live paid endpoints on Vercel with zero monthly infrastructure cost.",0.1641449566884198,234,0.8,0.3449891886286442,1,1.0,0.0,0.0,728,0.8180236325930867,0.006400864725428441
0761_Polaris Galaxy Hopper,Polaris Galaxy Hopper,Unknown,CROSS_CHAIN_ASSET_BRIDGE,0.866,0,3,-1,"The project has running online chain code, chain link code, Bitcoin nodes, and Solana nodes. Validators and bug bounty hunters are described as 'almost operational' with 'little tweaks' still being worked on. An NFT system for memes is conceptualized.",0.23841394696809423,105,0.6,0.5010829195221815,1,1.0,0.0,0.0,728,0.8172280454851191,0.002241847984622775
0072_Paybot,Paybot,Unknown,MESSAGING_BASED_APPROVAL_BOT,0.903,0,0,-1,A bot that integrates with Telegram (and is wired for WhatsApp) to create Squads vault transactions and proposals based on chat commands.,0.22541820457483325,186,0.4,0.4737693138267695,1,1.0,0.0,0.0,728,0.8170182601795536,0.004129868413489024
0940_FundNProof,FundNProof,Unknown,TRANSPARENCY_AND_AUDIT_TOOL,0.937,0,0,-1,"The specific features and functionalities built are unclear from the transcript, which describes the project at a high conceptual level. No explicit implementation proof is available from the provided evidence.",0.17649546456198553,226,0.6,0.3709466823976484,1,1.0,0.0,0.0,728,0.816541240121604,0.005905892560240702
2410_Lorypten,Lorypten,Unknown,PROTOCOL_ECONOMICS_FRAMEWORK,0.942,0,1,-1,"The platform allows users to open protocol-scoped PDAs tied to VRF, which produce long-lived participation records with evolving state and pool interaction. It includes layers for transparent buyout parameters, referral attribution, and category-specific airdrop pools.",0.2099735847576703,253,0.2,0.44130881691662094,1,1.0,0.0,0.0,728,0.8163537208715371,0.005897404951293277
2280_Wrapto,Wrapto,Unknown,CROSS_CHAIN_BRIDGE,0.866,0,2,-1,"A cross-chain bridge infrastructure that is live on Polygon and Binance Chain, enabling bridging from the PACTIS blockchain to EVM compatible chains. It has processed over 1,700 successful bridges.",0.2359470904031636,107,0.6,0.4958982409187804,1,1.0,0.0,0.0,728,0.8157038572785689,0.0023013252806961385
0435_Spectre Protocol,Spectre Protocol,Unknown,AI_MARKETING_AUTOMATION_PLATFORM,0.922,0,2,-1,"A custom tracker that monitors real-time on-chain behavior and identifies active wallets. A core engine that has successfully distributed over 200,000 NFTs on Solana mainnet for early clients. An AI agent capable of interpreting natural language intent to build interfaces, set up custom infrastructure, and facilitate NFT drops.",0.18645032743708959,238,0.6,0.3918691653997341,1,1.0,0.0,0.0,728,0.814754575905378,0.006003337351147918
1207_LaBBaL,LaBBaL,Unknown,DECENTRALIZED_DATA_LABELING_PLATFORM,0.913,0,1,-1,"A decentralized AI data collection and labeling platform built on Solana and powered by the Sallar decentralized compute network, designed to connect AI companies with contributors and incorporate staking-based incentives, AI-powered validation, KYC, and full on-chain traceability.",0.17421186110219503,235,0.8,0.36614715324587477,1,1.0,0.0,0.0,728,0.8141895441103818,0.006192225173677445
1958_Sage,Sage,Unknown,AI_TRANSACTION_GUARDIAN,0.905,0,0,-1,"An AI agent integrated with Squads Protocol multisig, a Telegram interface for agent interaction and transaction approval, on-chain spending cap enforcement, a system that tracks vote status and spending. The code is live and runs on devnet.",0.2191249351954187,199,0.4,0.4605425297645158,1,1.0,0.0,0.0,728,0.8141881849025503,0.004505649988752382
0529_GitShipt,GitShipt,Unknown,OPEN_SOURCE_TOKENIZATION_PLATFORM,0.931,0,1,-1,A system that connects Bags token launch and fee share rails with GitHub contribution graphs to create a product for repo owners and contributors. It is described as turning GitHub activity into daily contributor leaderboards and routing trading fees.,0.17706764841382513,210,0.6,0.3721492611839541,1,1.0,0.0,0.0,728,0.8137197969143798,0.005476443239201394
2576_QumyrsqaCore,QumyrsqaCore,Unknown,DEPIN_ORCHESTRATION_PROTOCOL,0.925,0,0,-1,unclear,0.14406151160106367,263,1.0,0.3027791106260239,1,1.0,0.0,0.0,728,0.8136697761718085,0.007786128491814122
0465_Sello Protocol,Sello Protocol,Unknown,AI_USAGE_CHECKOUT_SYSTEM,0.92,0,0,-1,"The demo shows an agent interacting with a protected article, where Celo's rules are checked. It demonstrates summarization being allowed with attribution and 'boys' narration' requiring payment, followed by an 'x402 style payment' completion. Narration logs are generated, and Celo records usage receipts on Solana. An early version of Celo achieved top rankings in hackathons. Abal newsroom is presented as the first product built on top of Celo, providing a revenue and evidence console for publishers.",0.18592065636303354,199,0.6,0.39075593720335694,1,1.0,0.0,0.0,728,0.8133689843612879,0.005028896054464092
1758_giogio,giogio,Unknown,INSTANT_PAYOUT_PLATFORM,0.903,0,1,-1,"A web application that allows users to connect a wallet, select an earning platform, view analyzed earnings, and initiate an instant cash-out. The system is live on devnet.",0.218741613203637,157,0.4,0.4597368885459476,1,1.0,0.0,0.0,728,0.8128930175640721,0.0035589837149931146
0086_AIROTC,AIROTC,Unknown,AI_AGENT_OTC_SETTLEMENT_PLATFORM,0.85,0,0,-1,"The system includes an SDK, MCP CLI, and API for agent interaction. An orchestrator coordinates deals. It integrates with Magic Block for routing, ECA for dual MPC release authorization, Umbra for private payoffs, and Torque for recording rewards. A successful end-to-end trade between two real agents, involving private negotiation, funding release, private payout, and proof, was demonstrated.",0.2445837234515126,200,0.6,0.5140501542516343,1,1.0,0.0,0.0,728,0.8125735401727522,0.004193728884726068
2055_SolCoachAutopilot,SolCoachAutopilot,Unknown,AI_DEFI_TASK_AUTOMATION,0.868,0,2,-1,"The project has a frontend for user interaction, a Solana program for managing user coach profiles and daily tasks as PDAs, a Python crank for task generation and resolution, and a support chat proxying to Claude Haiku. It includes a wallet analyzer and yield aggregator. It is deployed on Solana DevNet with 200 users.",0.2286660342898516,261,0.6,0.4805953909770718,1,1.0,0.0,0.0,728,0.8122634615995624,0.005737871228965152
